position,ssn_join,ssn_lve,lge_apps,lge_sub,lge_gls,fac_apps,fac_sub,fac_gls,lc_apps,lc_sub,lc_gls,other_apps,other_sub,other_gls,total_apps,total_subs,total_gls,prev_club,next_club,pg
OL,1964,1965,50,0,11,3,0,0,1,0,0,0,0,0,54,0,11,Liverpool,Norwich City,101
OR,1932,1932,3,0,1,1,0,0,0,0,0,0,0,0,4,0,1,NA,NA,101
OR,1929,1931,3,0,0,0,0,0,0,0,0,0,0,0,3,0,0,Bromborough Pool,Bromborough Pool,101
G,1982,1985,86,0,0,2,0,0,4,0,0,6,0,0,98,0,0,Liverpool,Wigan Athletic,101
OL,1935,1935,5,0,1,0,0,0,0,0,0,0,0,0,5,0,1,Congleton Town,Congleton Town,101
F,1991,1996,220,14,133,8,1,4,25,0,22,12,0,10,265,15,169,Real Sociedad/Spain,NA,101
OL,1946,1948,23,0,3,0,0,0,0,0,0,0,0,0,23,0,3,New Brighton,NA,101
RH,1938,1938,1,0,0,0,0,0,0,0,0,0,0,0,1,0,0,Local,World War 2,101
RH,1946,1948,74,0,4,2,0,0,0,0,0,0,0,0,76,0,4,World War 2,New Brighton,101
F,1983,1983,6,4,0,2,0,1,1,0,0,0,0,0,9,4,1,Burnley,Runcorn,101
F,1973,1977,137,19,42,4,1,1,9,0,3,0,0,0,150,20,46,West Bromwich Albion,Mansfield,101
OL,1936,1936,22,0,5,1,0,0,0,0,0,0,0,0,23,0,5,Stoke City,Shrewsbury Town,101
LB,1935,1937,47,0,0,2,0,0,0,0,0,0,0,0,49,0,0,New Brighton,Stockport County,101
OL,1961,1961,8,0,1,0,0,0,0,0,0,0,0,0,8,0,1,Bradford Park Avenue,NA,101
OL,1984,1986,125,1,15,8,0,2,5,1,1,7,0,2,145,2,20,Oldham Athletic,Plymouth Argyle,101
WH,1937,1938,31,0,0,1,0,0,0,0,0,0,0,0,32,0,0,Chester,World War 2,101
WH,1945,1947,42,0,0,5,0,0,0,0,0,0,0,0,47,0,0,World War 2,NA,101
CF,1960,1962,68,0,34,2,0,1,1,0,3,0,0,0,71,0,38,Liverpool,Halifax Town,101
CD,1985,1985,16,7,2,2,1,0,2,0,0,2,1,0,22,9,2,FC Twente,NA,101
OR,1945,1946,20,0,4,3,0,2,0,0,0,0,0,0,23,0,6,Flint Town,NA,101
RH,1966,1966,21,0,3,2,0,0,1,0,1,0,0,0,24,0,4,Hartlepools United,Chester,101
MF,1982,1984,100,7,25,6,0,2,7,0,1,6,0,1,119,7,29,Local,Altrincham,101
MF,1987,1987,11,1,1,0,0,0,0,0,0,1,0,0,12,1,1,Bangor City,Bangor City,101
CF,1945,1954,185,0,91,12,0,13,0,0,0,0,0,0,197,0,104,Carlton,Chesterfield,101
IR,1948,1953,168,0,64,14,0,4,0,0,0,0,0,0,182,0,68,Bury,Ellesmere Port Town,101
OR,1934,1935,23,0,10,2,0,2,0,0,0,0,0,0,25,0,12,Port Vale,Shrewsbury Town,101
CF,1921,1921,1,0,0,0,0,0,0,0,0,0,0,0,1,0,0,NA,NA,101
CH,1927,1929,86,0,1,3,0,1,0,0,0,0,0,0,89,0,2,Leicester City,Prescot Cables,101
IF,1959,1960,32,0,11,0,0,0,0,0,0,0,0,0,32,0,11,Port Vale,Halifax Town,101
HB,1946,1946,1,0,0,0,0,0,0,0,0,0,0,0,1,0,0,Local,NA,101
FB,1948,1950,14,0,3,0,0,0,0,0,0,0,0,0,14,0,3,Cardiff City,NA,101
RH,1925,1934,237,0,5,20,0,0,0,0,0,0,0,0,257,0,5,Everton,NA,101
CH,1989,1989,1,0,0,0,0,0,0,0,0,0,0,0,1,0,0,YTS,NA,101
FB,1948,1948,2,0,0,0,0,0,0,0,0,0,0,0,2,0,0,Arbroath,NA,101
F,1965,1971,176,2,49,20,0,7,11,1,7,0,0,0,207,3,63,Local,Brighton & Hove Albion,101
F,1979,1980,57,2,15,5,0,3,4,0,0,0,0,0,66,2,18,Bury,Swindon Twn,101
OR,1927,1927,3,0,2,0,0,0,0,0,0,0,0,0,3,0,2,Lancaster Town,Morecambe,101
CF,1930,1935,114,0,102,13,0,11,0,0,0,0,0,0,127,0,113,Carlton,Everton,101
MF,1986,1986,41,1,4,2,0,0,2,0,0,2,0,0,47,1,4,Bolton Wanderers,Hyde United,101
CH,1945,1959,595,0,11,36,0,1,0,0,0,0,0,0,631,0,12,Local,Holyhead Town,101
F,1995,1995,26,3,9,0,0,0,4,0,0,0,0,0,30,3,9,Wrexham,Preston North End,101
HB,1960,1960,7,0,0,0,0,0,0,0,0,0,0,0,7,0,0,Liverpool,Sankeys,101
CF,1922,1928,67,0,32,6,0,1,0,0,0,0,0,0,73,0,33,Stockport County,Rhyl,101
IL,1927,1927,3,0,2,0,0,0,0,0,0,0,0,0,3,0,2,Runcorn,Prescot Cables,101
FB,1960,1963,93,0,0,2,0,0,4,0,0,0,0,0,99,0,0,Everton,Altrincham,101
IF,1946,1946,2,0,1,0,0,0,0,0,0,0,0,0,2,0,1,Everton,NA,101
OR,1924,1924,10,0,0,1,0,0,0,0,0,0,0,0,11,0,0,Lancaster Town,Lancaster Town,101
MF,1987,1990,46,31,19,2,2,0,8,3,3,2,3,0,58,39,22,Runcorn,Chester City,101
HB,1965,1966,3,0,0,0,0,0,0,0,0,0,0,0,3,0,0,Local,NA,101
w,1996,1996,9,4,1,0,0,0,2,0,1,0,0,0,11,4,2,Grimsby Town,NA,101
CF,1929,1929,3,0,0,0,0,0,0,0,0,0,0,0,3,0,0,Local,NA,101
FB,1959,1960,28,0,1,0,0,0,0,0,0,0,0,0,28,0,1,Burnley,Nelson,101
LB,1935,1935,5,0,0,0,0,0,0,0,0,0,0,0,5,0,0,Bury,NA,101
G,1921,1922,59,0,0,2,0,0,0,0,0,0,0,0,61,0,0,South Liverpool,Ellesmere Port CW,101
CH,1976,1981,164,6,7,8,1,0,14,0,1,0,0,0,186,7,8,Stockton Heath,Bury,101
W,1991,1996,39,38,7,0,2,0,3,5,1,2,1,0,44,46,8,Heswall,NA,101
FB,1990,1996,234,12,21,10,1,0,26,1,4,19,0,0,289,14,25,YTS,Manchester City,101
FB,1962,1962,0,0,0,0,0,0,1,0,0,0,0,0,1,0,0,Bury,Rhyl,101
IL,1945,1947,33,0,9,6,0,1,0,0,0,0,0,0,39,0,10,Manchester City,Ashton National,101
G,1924,1931,233,0,0,13,0,0,0,0,0,0,0,0,246,0,0,Hull City,Swindon Town,101
WH,1969,1971,81,3,3,10,0,2,6,0,1,0,0,0,97,3,6,Chester,NA,101
D,1982,1982,1,0,0,1,0,0,0,0,0,0,0,0,2,0,0,Local,NA,101
D,1982,1982,1,0,0,0,0,0,0,0,0,0,0,0,1,0,0,Local,NA,101
IF,1923,1924,47,0,11,4,0,2,0,0,0,0,0,0,51,0,13,Glenavon,Mid-Rhondda,101
LB,1960,1961,33,0,0,0,0,0,1,0,0,0,0,0,34,0,0,Third Lanark,Hartlepools United,101
F,1981,1981,29,8,8,2,0,1,6,0,5,0,0,0,37,8,14,Carlisle United,Crewe Alexandra,101
F,1982,1983,47,9,12,6,0,4,2,0,1,0,0,0,55,9,17,Crewe Alexandra,Chester City,101
IR,1933,1934,13,0,2,0,0,0,0,0,0,0,0,0,13,0,2,Lincoln Corinthian,Prescot Cables,101
RH,1923,1923,36,0,0,3,0,0,0,0,0,0,0,0,39,0,0,Bolton Wanderers,Runcorn,101
CF,1937,1938,35,0,12,3,0,2,0,0,0,0,0,0,38,0,14,Bristol Rovers,NA,101
D,1986,1986,25,5,1,2,0,0,2,0,0,1,0,0,30,5,1,Oldham Athletic,Stockport County,101
CF,1921,1921,9,0,5,2,0,2,0,0,0,0,0,0,11,0,7,Doncaster Rovers,Southport,101
LB,1981,1985,217,1,1,15,0,0,16,0,0,11,0,0,259,1,1,Everton,Grimsby Town,101
CF,1934,1934,31,0,21,1,0,2,0,0,0,0,0,0,32,0,23,Wolves,Boumemouth,101
D,1984,1984,3,0,0,0,0,0,0,0,0,0,0,0,3,0,0,Scarborough (loan),NA,101
OR,1946,1946,14,0,4,0,0,0,0,0,0,0,0,0,14,0,4,Southport,NA,101
G,1926,1930,49,0,0,0,0,0,0,0,0,0,0,0,49,0,0,Selby Town,Wrexham,101
fR,1936,1936,1,0,0,0,0,0,0,0,0,0,0,0,1,0,0,Oldham Athletic,Cork City,101
OL,1961,1961,27,0,4,1,0,0,1,0,0,0,0,0,29,0,4,Queen Of The South,Hibernian,101
OR,1968,1968,1,0,0,0,0,0,0,0,0,0,0,0,1,0,0,Cammell Laird,NA,101
WH,1946,1946,3,0,0,0,0,0,0,0,0,0,0,0,3,0,0,Heswall,NA,101
D,1978,1978,5,0,0,3,0,0,0,0,0,0,0,0,8,0,0,U.S.A.,Stockport County,101
CF,1986,1986,2,1,1,0,0,0,0,0,0,0,0,0,2,1,1,Avenue,South Liverpool,101
WH,1921,1929,189,0,10,15,0,1,0,0,0,0,0,0,204,0,11,Local,NA,101
W,1961,1963,102,0,9,4,0,0,5,0,0,0,0,0,111,0,9,Blackpool,Wigan Athletic,101
CF,1961,1961,1,0,0,0,0,0,0,0,0,0,0,0,1,0,0,Dundee United,NA,101
CF,1947,1948,2,0,0,0,0,0,0,0,0,0,0,0,2,0,0,NA,NA,101
MF,1986,1986,2,0,0,0,0,0,0,0,0,0,0,0,2,0,0,Emley,NA,101
IR,1936,1936,6,0,1,0,0,0,0,0,0,0,0,0,6,0,1,West Bromwich Albion,Walsall,102
OL,1923,1929,217,0,32,17,0,1,0,0,0,0,0,0,234,0,33,Manchester United,Chorley,102
CH,1946,1947,9,0,1,0,0,0,0,0,0,0,0,0,9,0,1,Local,NA,102
LB,1932,1932,11,0,0,0,0,0,0,0,0,0,0,0,11,0,0,Planter's FC,NA,102
HB,1967,1969,49,3,5,3,2,0,7,0,1,0,0,0,59,5,6,Holyhead Town,NA,102
IL,1937,1938,51,0,9,1,0,0,0,0,0,0,0,0,52,0,9,Manchester City,Dundalk,102
OR,1947,1948,9,0,0,0,0,0,0,0,0,0,0,0,9,0,0,Rochdale,Goslings,102
CD,1996,1996,4,1,0,0,0,0,0,0,0,0,0,0,4,1,0,Bromborough Pool,NA,102
OL,1925,1925,23,0,4,2,0,0,0,0,0,0,0,0,25,0,4,Liverpool,NA,102
G,1987,1987,15,0,0,0,0,0,0,0,0,0,0,0,15,0,0,Everton (loan),NA,102
IL,1925,1929,130,0,72,7,0,2,0,0,0,0,0,0,137,0,74,Cardiff City,Workington,102
WH,1957,1960,92,0,4,6,0,0,3,0,0,0,0,0,101,0,4,Southport,Sankeys,102
HB,1923,1924,17,0,0,1,0,0,0,0,0,0,0,0,18,0,0,Liverpool,NA,102
RH,1932,1934,6,0,0,1,0,0,0,0,0,0,0,0,7,0,0,New Brighton,Sheffield Wednesday,102
CH,1935,1938,104,0,1,4,0,0,0,0,0,0,0,0,108,0,1,Everton,Gillingham,102
CF,1984,1984,45,0,22,2,0,3,2,0,1,4,0,3,53,0,29,Peterborough United,Bournemouth,102
G,1959,1960,4,0,0,0,0,0,0,0,0,0,0,0,4,0,0,Manchester United,Sankeys,102
F,1984,1985,47,0,35,3,0,2,2,0,2,3,0,1,55,0,40,Chesterfield,Plymouth Argyle,102
MF,1976,1978,44,6,4,1,0,0,0,0,0,0,0,0,45,6,4,Chicago Stings,Rochdale,102
FB,1956,1956,9,0,0,0,0,0,0,0,0,0,0,0,9,0,0,Blackburn Rovers,NA,102
OL,1962,1963,8,0,0,0,0,0,0,0,0,0,0,0,8,0,0,Ellesmere Port Town,Preston North End,102
G,1988,1991,4,0,0,1,0,0,0,0,0,0,0,0,5,0,0,Ellesmere Port Town,Accrington Stanley,102
WH,1961,1961,4,0,0,0,0,0,0,0,0,0,0,0,4,0,0,Southampton,Aldershot,102
RB,1930,1930,2,0,0,0,0,0,0,0,0,0,0,0,2,0,0,St.Johnstone,NA,102
FB,1947,1948,46,0,3,2,0,0,0,0,0,0,0,0,48,0,3,Bolton Wanderers,NA,102
LB,1962,1964,103,0,1,6,0,0,5,0,1,0,0,0,114,0,2,Bury,NA,102
OR,1921,1922,19,0,0,2,0,2,0,0,0,0,0,0,21,0,2,South Liverpool,NA,102
FB,1931,1931,1,0,0,0,0,0,0,0,0,0,0,0,1,0,0,Everton,Carlisle United,102
MF,1995,1995,5,0,0,0,0,0,0,0,0,0,0,0,5,0,0,Coventry City (loan),NA,102
MF,1995,1996,40,6,4,1,0,0,4,0,0,0,0,0,45,6,4,Coventry City,NA,102
F,1990,1992,19,16,5,3,1,0,0,1,0,3,3,1,25,21,6,Barnsley,York City,102
OR,1973,1974,35,3,10,4,0,1,3,0,0,0,0,0,42,3,11,Liverpool University,Manchester United,102
IF,1946,1947,8,0,2,0,0,0,0,0,0,0,0,0,8,0,2,Local,NA,102
G,1992,1996,78,1,0,1,0,0,8,0,0,1,0,0,88,1,0,YTS,NA,102
F,1971,1971,12,3,3,0,0,0,0,0,0,0,0,0,12,3,3,Local,Hartlepool United,102
F,1992,1992,9,5,1,0,0,0,0,0,0,0,0,0,9,5,1,Glasgow Celtic,Motherwell,102
MF,1977,1981,106,8,18,4,3,1,10,3,1,0,0,0,120,14,20,Local,Crewe Alexandra,102
MF,1987,1987,6,7,0,0,0,0,2,0,0,0,1,0,8,8,0,Caemarfon Town,Caemarfon Town,102
WH,1965,1966,24,2,5,1,0,0,2,0,0,0,0,0,27,2,5,Blackpool,Fleetwood,102
RH,1924,1924,19,0,0,2,0,0,0,0,0,0,0,0,21,0,0,Wolves,Pontypridd,102
WH,1935,1935,12,0,2,0,0,0,0,0,0,0,0,0,12,0,2,Crystal Palace,Northwich Victoria,102
IL,1929,1929,18,0,4,0,0,0,0,0,0,0,0,0,18,0,4,Guildford City,Guildford City,102
IF,1957,1957,39,0,6,3,0,0,0,0,0,0,0,0,42,0,6,Blackburn Rovers,Cork Hibernian,102
F,1969,1975,186,17,37,16,0,6,7,3,2,0,0,0,209,20,45,Preston North End,Chester,102
CF,1922,1922,10,0,2,0,0,0,0,0,0,0,0,0,10,0,2,Hartlepools United,NA,102
RB,1930,1930,1,0,0,0,0,0,0,0,0,0,0,0,1,0,0,Carlton,NA,102
G,1966,1969,136,0,0,10,0,0,10,0,0,0,0,0,156,0,0,Runcorn,West Bromwich Albion,102
IL,1921,1921,32,0,6,2,0,0,0,0,0,0,0,0,34,0,6,Stockport County,Ashton National,102
G,1937,1938,52,0,0,4,0,0,0,0,0,0,0,0,56,0,0,Blackpool,Hull City,102
IF,1947,1947,17,0,7,0,0,0,0,0,0,0,0,0,17,0,7,Bristol Rovers,Shrewsbury Town,102
WH,1934,1935,21,0,0,4,0,0,0,0,0,0,0,0,25,0,0,Stoke City,Boston Town,102
FB,1972,1972,7,1,1,0,0,0,1,0,0,0,0,0,8,1,1,Everton,NA,102
CH,1931,1931,7,0,0,3,0,0,0,0,0,0,0,0,10,0,0,West Bromwich Albion,Crook Town,102
G,1986,1986,1,0,0,1,0,0,0,0,0,0,0,0,2,0,0,Bradford City (loan),NA,102
G,1983,1983,42,0,0,2,0,0,2,0,0,5,0,0,51,0,0,Swansea City,Bangor City,102
RH,1936,1938,44,0,1,1,0,0,0,0,0,0,0,0,45,0,1,Heswall,York City,102
IF,1953,1953,1,0,0,0,0,0,0,0,0,0,0,0,1,0,0,Local,NA,102
IF,1951,1957,120,0,28,16,0,1,0,0,0,0,0,0,136,0,29,Local,NA,102
RB,1925,1925,5,0,0,0,0,0,0,0,0,0,0,0,5,0,0,Stoke City,Accrington Stanley,102
IR,1937,1937,10,0,6,0,0,0,0,0,0,0,0,0,10,0,6,Oldham Athletic,Cork City,102
LB,1933,1935,77,0,0,6,0,0,0,0,0,0,0,0,83,0,0,Manchester United,Retired,102
RH,1938,1938,32,0,0,1,0,0,0,0,0,0,0,0,33,0,0,Southampton,Swindon Town,102
CF,1923,1924,30,0,27,3,0,0,0,0,0,0,0,0,33,0,27,Pensby Institute,Everton,102
OR,1935,1938,105,0,29,5,0,2,0,0,0,0,0,0,110,0,31,Manchester City,Carlisle United,102
w,1961,1961,2,0,0,0,0,0,0,0,0,0,0,0,2,0,0,Blackpool,Southport,102
FB,1967,1971,52,2,1,6,0,0,5,0,0,0,0,0,63,2,1,Local,NA,102
CF,1950,1952,34,0,17,1,0,0,0,0,0,0,0,0,35,0,17,Bolton Wanderers,Truro City,102
CF,1930,1932,83,0,53,9,0,6,0,0,0,0,0,0,92,0,59,Nelson,NA,102
IL,1938,1938,31,0,7,0,0,0,0,0,0,0,0,0,31,0,7,Newcastle United,Hartlepools United,102
RB,1933,1936,14,0,0,0,0,0,0,0,0,0,0,0,14,0,0,Port Sunlight Gym,South Liverpool,102
CF,1956,1959,63,0,22,1,0,1,0,0,0,0,0,0,64,0,23,Upton FC,Bangor City,102
CF,1952,1954,87,0,61,10,0,14,0,0,0,0,0,0,97,0,75,Liverpool,Port Vale,102
CF,1950,1950,4,0,2,0,0,0,0,0,0,0,0,0,4,0,2,Bradford City,Bangor City,102
OL,1937,1937,7,0,2,1,0,1,0,0,0,0,0,0,8,0,3,Leicester City,Waterford,102
IF,1971,1972,29,4,2,0,0,0,0,0,0,0,0,0,29,4,2,Brighton & Hove Albion,Darlington,102
IF,1962,1966,174,0,100,2,0,0,7,0,6,0,0,0,183,0,106,Bury,Crystal Palace,102
IL,1948,1952,154,0,12,5,0,0,0,0,0,0,0,0,159,0,12,Liverpool,Accrington Stanley,102
D,1978,1978,1,0,0,0,0,0,0,0,0,0,0,0,1,0,0,Local,Telford United,102
OL,1934,1938,139,0,30,7,0,1,0,0,0,0,0,0,146,0,31,Darlington,New Brighton,102
CH,1979,1980,62,0,1,4,0,0,8,0,1,0,0,0,74,0,2,Wrexham,Runcorn,102
LH,1962,1963,34,0,2,0,0,0,2,0,0,0,0,0,36,0,2,Chester,Barrow,102
MF,1994,1994,2,1,0,0,0,0,0,2,0,3,0,0,5,3,0,YTS,NA,102
D,1984,1986,70,0,6,5,0,1,2,0,0,6,0,0,83,0,7,Rochdale,Oswestry,102
RH,1936,1936,1,0,0,0,0,0,0,0,0,0,0,0,1,0,0,Colwyn Bay United,Everton,102
OL,1957,1960,171,0,36,8,0,3,2,0,1,0,0,0,181,0,40,Everton,Cork Hibernian,102
OR,1949,1950,2,0,0,0,0,0,0,0,0,0,0,0,2,0,0,NA,NA,102
G,1981,1982,79,0,0,6,0,0,9,0,0,0,0,0,94,0,0,Ipswich Town,Swindon Town,102
CF,1963,1963,12,0,5,1,0,0,0,0,0,0,0,0,13,0,5,Oxford United,Crewe Alexandra,102
MF,1976,1980,175,3,26,10,0,3,12,0,1,0,0,0,197,3,30,Local,Wigan Athletic,103
FB,1958,1959,3,0,0,0,0,0,0,0,0,0,0,0,3,0,0,Wrexham,NA,103
HB,1926,1927,44,0,0,2,0,0,0,0,0,0,0,0,46,0,0,Cardiff City,NA,103
OL,1922,1924,46,0,5,2,0,0,0,0,0,0,0,0,48,0,5,Buckley Town,Mold,103
WH,1971,1974,77,7,2,7,2,0,3,1,0,0,0,0,87,10,2,Liverpool,Bangor City,103
F,1989,1989,3,12,1,0,0,0,0,3,0,0,1,0,3,16,1,Beveren/Belgium,Wigan Athletic,103
LH,1921,1921,8,0,0,0,0,0,0,0,0,0,0,0,8,0,0,Manchester City,NA,103
RB,1935,1936,30,0,0,5,0,0,0,0,0,0,0,0,35,0,0,Hartlepools United,NA,103
G,1986,1986,7,0,0,0,0,0,0,0,0,0,0,0,7,0,0,Bolton Wanderers (loan),NA,103
WH,1957,1959,114,0,1,6,0,0,0,0,0,0,0,0,120,0,1,Everton,Holyhead Town,103
LB,1970,1973,132,2,0,11,0,0,8,0,0,0,0,0,151,2,0,Bolton Wanderers,Halifax Town,103
F,1981,1984,72,16,13,4,0,0,4,1,0,2,1,0,82,18,13,Local,Scarborough,103
LB,1961,1961,3,0,0,0,0,0,0,0,0,0,0,0,3,0,0,Local,NA,103
OR,1957,1962,180,0,27,10,0,1,5,0,0,0,0,0,195,0,28,Stockport County,Altrincham,103
IL,1930,1933,83,0,9,9,0,0,0,0,0,0,0,0,92,0,9,Port Vale,Chorley,103
CF,1926,1928,64,0,42,3,0,1,0,0,0,0,0,0,67,0,43,Manchester United,Chorley,103
IF,1953,1957,115,0,8,7,0,0,0,0,0,0,0,0,122,0,8,Rochdale,Buxton,103
FB,1972,1980,313,2,6,17,0,1,18,0,0,0,0,0,348,2,7,Liverpool,York City,103
LH,1937,1938,40,0,1,3,0,0,0,0,0,0,0,0,43,0,1,Bradford Park Avenue,Rochdale,103
IR,1924,1925,22,0,6,0,0,0,0,0,0,0,0,0,22,0,6,Wirral Railway,Bangor City,103
IR,1921,1921,15,0,4,0,0,0,0,0,0,0,0,0,15,0,4,Liverpool,NA,103
RB,1921,1921,1,0,0,0,0,0,0,0,0,0,0,0,1,0,0,South Liverpool,South Liverpool,103
OR,1932,1932,1,0,0,0,0,0,0,0,0,0,0,0,1,0,0,Local,NA,103
CF,1936,1936,1,0,0,0,0,0,0,0,0,0,0,0,1,0,0,St James Old Boys,NA,103
CF,1938,1938,1,0,0,0,0,0,0,0,0,0,0,0,1,0,0,Dumbarton,NA,103
FB,1958,1962,177,0,0,7,0,0,4,0,0,0,0,0,188,0,0,Blackpool,Fleetwood,103
G,1936,1936,1,0,0,0,0,0,0,0,0,0,0,0,1,0,0,NA,NA,103
IF,1961,1961,21,0,6,1,0,1,0,0,0,0,0,0,22,0,7,Sheffield Wednesday,NA,103
CF,1921,1921,8,0,3,0,0,0,0,0,0,0,0,0,8,0,3,Clydebank,NA,103
CD,1987,1995,115,3,5,4,0,0,13,0,1,10,1,0,142,4,6,YTS,Swansea City,103
CF,1957,1957,6,0,6,0,0,0,0,0,0,0,0,0,6,0,6,Mansfield Town,NA,103
FB,1951,1953,72,0,1,10,0,0,0,0,0,0,0,0,82,0,1,Brentford,NA,103
G,1922,1922,17,0,0,1,0,0,0,0,0,0,0,0,18,0,0,Blackburn Rovers,NA,103
w,1968,1970,69,4,8,5,0,1,7,0,0,0,0,0,81,4,9,Manchester United,Winsford United,103
RH,1933,1934,18,0,1,0,0,0,0,0,0,0,0,0,18,0,1,Sheffield Wednesday,Darlington,103
F,1970,1970,2,0,0,0,0,0,0,0,0,0,0,0,2,0,0,Manchester City(loan),NA,103
CF,1956,1956,14,0,2,0,0,0,0,0,0,0,0,0,14,0,2,Barrow,King's Lynn,103
OR,1955,1955,5,0,0,0,0,0,0,0,0,0,0,0,5,0,0,Buxton,NA,103
OL,1983,1984,19,2,0,0,0,0,0,0,0,4,0,1,23,2,1,Hong Kong,NA,103
G,1987,1987,1,0,0,0,0,0,0,0,0,0,0,0,1,0,0,Oldham Athletic (loan),NA,103
IF,1946,1948,5,0,2,1,0,1,0,0,0,0,0,0,6,0,3,Local,Northwich Victoria,103
F,1972,1972,10,0,3,0,0,0,0,0,0,0,0,0,10,0,3,Coventry City(loan),NA,103
RB,1921,1921,1,0,0,0,0,0,0,0,0,0,0,0,1,0,0,Crystal Palace,NA,103
G,1931,1935,192,0,0,21,0,0,0,0,0,0,0,0,213,0,0,Manchester City,Chester,103
LH,1927,1927,1,0,0,0,0,0,0,0,0,0,0,0,1,0,0,Hindley Green,Atherton,103
LH,1927,1928,3,0,1,0,0,0,0,0,0,0,0,0,3,0,1,Huddersfield Town,Northwich Victoria,103
IF,1958,1958,17,0,5,2,0,1,0,0,0,0,0,0,19,0,6,Stockton Heath,Blackpool,103
F,1983,1983,3,0,0,0,0,0,0,0,0,0,0,0,3,0,0,Huddersfield Town (loan),NA,103
G,1986,1986,4,0,0,1,0,0,0,0,0,2,0,0,7,0,0,Juniors,NA,103
CD,1975,1976,59,0,0,2,0,0,0,0,0,0,0,0,61,0,0,Manchester United,Chicago Stings,103
FB,1969,1969,6,0,0,0,0,0,0,0,0,0,0,0,6,0,0,Local,NA,103
OL,1978,1982,110,6,5,9,0,1,10,0,0,0,0,0,129,6,6,Local,Rochdale,103
OL,1936,1938,16,0,1,0,0,0,0,0,0,0,0,0,16,0,1,Chester,NA,103
OL,1924,1924,8,0,0,0,0,0,0,0,0,0,0,0,8,0,0,Stockport County,NA,103
IR,1921,1921,12,0,7,0,0,0,0,0,0,0,0,0,12,0,7,Pontypridd,Stoke City,103
IF,1960,1963,107,0,36,4,0,0,4,0,1,0,0,0,115,0,37,Hull City,Wigan Athletic,103
OR,1956,1956,21,0,6,1,0,0,0,0,0,0,0,0,22,0,6,Wrexham,Northwich Victoria,103
IF,1926,1926,12,0,0,0,0,0,0,0,0,0,0,0,12,0,0,Cardiff City,Minor/NE,103
D,1987,1987,0,1,0,0,0,0,0,0,0,0,0,0,0,1,0,Billingham Town,Hartlepoo United,103
CH,1922,1924,81,0,2,8,0,0,0,0,0,0,0,0,89,0,2,Hartlepools United,Folkestone Town,103
MF,1980,1984,95,14,6,10,1,0,8,0,0,1,0,0,114,15,6,Swindon Town,Wigan Athletic,103
RB,1937,1938,47,0,1,2,0,0,0,0,0,0,0,0,49,0,1,Chesterfield,Accrington Stanley,103
OR,1946,1953,150,0,17,7,0,1,0,0,0,0,0,0,157,0,18,Liverpool,Stafford Rangers,103
G,1957,1959,33,0,0,2,0,0,0,0,0,0,0,0,35,0,0,Everton,Southport,103
CF,1966,1966,0,0,0,0,0,0,0,1,0,0,0,0,0,1,0,Oldham Athletic,NA,103
WH,1959,1960,41,0,2,3,0,0,2,0,0,0,0,0,46,0,2,Manchester United,Ramsgate,103
MF,1987,1991,178,11,18,11,2,0,14,1,0,18,4,1,221,18,19,Bristol City,Crewe Alexandra,103
LH,1922,1923,21,0,0,0,0,0,0,0,0,0,0,0,21,0,0,Southend United,NA,103
LB,1986,1986,27,1,0,1,1,0,0,0,0,2,0,0,30,2,0,York City,Hill Of Beath,103
RB,1921,1923,24,0,0,2,0,0,0,0,0,0,0,0,26,0,0,Buckley Town,Mold,103
IL,1922,1923,11,0,1,0,0,0,0,0,0,0,0,0,11,0,1,Port Vale,NA,103
IF,1923,1923,3,0,0,0,0,0,0,0,0,0,0,0,3,0,0,Liverpoool Badgers,NA,103
F,1984,1984,0,3,0,0,0,0,0,0,0,0,0,0,0,3,0,Clitheroe,NA,103
G,1961,1963,58,0,0,1,0,0,3,0,0,0,0,0,62,0,0,Bury,Rochdale,103
M,1984,1984,6,11,0,1,1,0,1,1,0,1,3,0,9,16,0,Wrexham,BK46/Finland,103
CF,1931,1931,1,0,0,0,0,0,0,0,0,0,0,0,1,0,0,Burton FC,NA,103
LH,1921,1921,8,0,0,0,0,0,0,0,0,0,0,0,8,0,0,Accrinoton Stanley,NA,103
RH,1956,1960,76,0,1,2,0,0,0,0,0,0,0,0,78,0,1,Millwall,NA,103
OR,1934,1934,9,0,1,0,0,0,0,0,0,0,0,0,9,0,1,Manchester United,Altrincham,103
CF,1962,1963,45,0,21,4,0,4,3,0,0,0,0,0,52,0,25,Bury,Ellesmere Port Town,103
CD,1983,1984,27,1,0,2,0,0,0,0,0,5,0,0,34,1,0,Eagle,South Liverpool,103
CD,1987,1996,322,4,12,18,0,0,28,0,0,27,0,0,395,4,12,Caemarfon Town,NA,103
CF,1983,1985,47,2,12,0,0,0,2,0,0,7,1,5,56,3,17,Rochdale,Altrincham,103
OL,1956,1956,6,0,1,0,0,0,0,0,0,0,0,0,6,0,1,Bebington,NA,103
OR,1964,1967,130,1,10,7,0,0,4,0,0,0,0,0,141,1,10,Blackpool,NA,103
CH,1932,1932,1,0,0,0,0,0,0,0,0,0,0,0,1,0,0,Lancaster Town,Hartlepools United,103
IR,1921,1923,52,0,4,1,0,1,0,0,0,0,0,0,53,0,5,Bolton Wanderers,NA,103
CF,1969,1970,36,3,10,3,0,0,4,0,2,0,0,0,43,3,12,Portmadoc,Plymouth Argyle,103
FB,1946,1950,78,0,0,2,0,0,0,0,0,0,0,0,80,0,0,Sheffield United,NA,104
F,1956,1956,13,0,1,0,0,0,0,0,0,0,0,0,13,0,1,Lincoln City,Headington United,104
FB,1985,1985,0,1,0,0,0,0,0,0,0,0,0,0,0,1,0,Hull City,NA,104
IF,1959,1959,3,0,2,0,0,0,0,0,0,0,0,0,3,0,2,Everton,NA,104
LH,1935,1935,10,0,0,0,0,0,0,0,0,0,0,0,10,0,0,Manchester United,NA,104
FB,1945,1948,32,0,0,5,0,0,0,0,0,0,0,0,37,0,0,Local,Crewe Alexandra,104
CF,1986,1986,4,0,1,0,0,0,0,0,0,0,0,0,4,0,1,Grimsby Town(loan),NA,104
CF,1966,1968,54,1,18,6,0,4,3,0,0,0,0,0,63,1,22,Northampton Town,NA,104
W,1962,1962,2,0,0,0,0,0,0,0,0,0,0,0,2,0,0,Wrexham,Ellesmere Port Town,104
CD,1985,1993,264,8,9,11,3,0,27,0,2,30,1,1,332,12,12,Bristol City,Shrewsbury Town,104
OL,1921,1921,3,0,0,0,0,0,0,0,0,0,0,0,3,0,0,Aberdare Athletic,NA,104
OR,1933,1933,8,0,2,1,0,0,0,0,0,0,0,0,9,0,2,Bolton Juniors,NA,104
MF,1981,1982,32,3,6,2,0,0,7,0,3,0,0,0,41,3,9,Wigan Athletic,Mansfield Town,104
MF,1983,1983,21,0,4,0,0,0,0,0,0,5,0,2,26,0,6,Mansfield Town,Bristol City,104
CF,1921,1921,1,0,0,0,0,0,0,0,0,0,0,0,1,0,0,Aberdare Athletic,Clevedon Glos,104
OL,1950,1954,140,0,18,13,0,4,0,0,0,0,0,0,153,0,22,Carlisle United,NA,104
D,1984,1984,4,0,0,0,0,0,1,0,0,0,0,0,5,0,0,Peterborough United,NA,104
MF,1989,1996,243,30,36,11,2,3,18,4,4,19,3,2,291,39,45,YTS,NA,104
CF,1948,1948,3,0,3,0,0,0,0,0,0,0,0,0,3,0,3,Wishaw Juniors,NA,104
CH,1928,1929,37,0,0,4,0,0,0,0,0,0,0,0,41,0,0,Chester,Accrington Stanley,104
IF,1961,1962,38,0,5,0,0,0,1,0,0,0,0,0,39,0,5,Bradford City,Halifax Town,104
FB,1923,1929,104,0,0,10,0,0,0,0,0,0,0,0,114,0,0,Merthyr Town,South Liverpool,104
IF,1924,1924,6,0,1,0,0,0,0,0,0,0,0,0,6,0,1,Lancaster Town,Northwich Victoria,104
CH,1961,1964,81,0,3,4,0,0,0,0,0,0,0,0,85,0,3,Bradford City,NA,104
FB,1936,1936,7,0,0,0,0,0,0,0,0,0,0,0,7,0,0,Wilton Albion,Stockport County,104
HB,1951,1953,14,0,1,0,0,0,0,0,0,0,0,0,14,0,1,Swindon Town,NA,104
F,1975,1977,59,14,24,2,1,1,2,1,3,0,0,0,63,16,28,Chester,NA,104
HB,1924,1924,15,0,0,1,0,0,0,0,0,0,0,0,16,0,0,Barnsley,Bangor City,104
HB,1968,1968,0,1,0,0,0,0,0,0,0,0,0,0,0,1,0,Local,NA,104
G,1974,1974,3,0,0,0,0,0,0,0,0,0,0,0,3,0,0,Atherstone Town,Southport,104
G,1971,1981,355,0,0,17,0,0,25,0,0,0,0,0,397,0,0,Local,Altrincham,104
HB,1925,1925,2,0,0,0,0,0,0,0,0,0,0,0,2,0,0,Sunderland,Blyth Spartans,104
FB,1946,1947,40,0,0,2,0,0,0,0,0,0,0,0,42,0,0,Raith Rovers,NA,104
CF,1953,1954,6,0,2,0,0,0,0,0,0,0,0,0,6,0,2,Liverpool,Chester,104
W,1945,1947,54,0,19,5,0,0,0,0,0,0,0,0,59,0,19,Ellesmere Port Town,Chelsea,104
FB,1953,1960,155,0,19,8,0,0,2,0,0,0,0,0,165,0,19,Ellesmere Port Town,Runcorn,104
CF,1993,1996,38,41,12,2,1,0,4,2,2,1,0,0,45,44,14,YTS,NA,104
LB,1938,1938,16,0,0,1,0,0,0,0,0,0,0,0,17,0,0,Stockport County,Walsall,104
F,1996,1996,8,0,5,0,0,0,0,0,0,0,0,0,8,0,5,Liveroool(loan),NA,104
IR,1962,1964,68,0,29,6,0,2,2,0,0,0,0,0,76,0,31,Bolton Wanderers,Chester,104
G,1993,1993,0,1,0,0,0,0,0,0,0,0,0,0,0,1,0,YTS,NA,104
IR,1936,1937,54,0,12,1,0,0,0,0,0,0,0,0,55,0,12,Macclesfield,Watford,104
LB,1932,1932,2,0,0,0,0,0,0,0,0,0,0,0,2,0,0,Huddersfield Town,NA,104
OR,1926,1928,90,0,28,2,0,0,0,0,0,0,0,0,92,0,28,Mid-Rhondda,Sheffield Wednesday,104
FB,1970,1970,21,0,1,3,0,0,4,0,0,0,0,0,28,0,1,Torquay United,Doncaster Rovers,104
IL,1937,1938,9,0,2,0,0,0,0,0,0,0,0,0,9,0,2,Leicester City,Accrington Stanley,104
RB,1938,1938,21,0,1,1,0,0,0,0,0,0,0,0,22,0,1,Wolves,NA,104
IR,1927,1927,1,0,0,0,0,0,0,0,0,0,0,0,1,0,0,Stoke City,NA,104
IF,1979,1981,55,9,9,1,0,0,7,0,2,0,0,0,63,9,11,Cammell Laird,Preston North End,104
IF,1955,1956,52,0,7,2,0,0,0,0,0,0,0,0,54,0,7,Nottingham Forest,Ellesmere Port Town,104
MF,1984,1984,5,0,2,0,0,0,0,0,0,0,0,0,5,0,2,Leicester City(loan),NA,104
LB,1930,1930,36,0,0,2,0,0,0,0,0,0,0,0,38,0,0,Everton,NA,104
OR,1967,1969,16,1,0,1,1,0,0,0,0,0,0,0,17,2,0,Local,Chester,104
IL,1930,1931,65,0,45,2,0,0,0,0,0,0,0,0,67,0,45,Sheffield United,Exeter City,104
MF,1974,1976,36,18,5,0,2,0,4,0,0,0,0,0,40,20,5,Everton,NA,104
OR,1993,1995,14,12,2,0,0,0,3,0,0,1,2,0,18,14,2,YTS,NA,104
CF,1978,1982,145,9,38,6,2,1,14,2,4,0,0,0,165,13,43,Local,Bristol City,104
F,1955,1958,34,0,4,0,0,0,0,0,0,0,0,0,34,0,4,Everton,NA,104
LH,1947,1956,342,0,6,17,0,0,0,0,0,0,0,0,359,0,6,Local,Macclesfield,104
CF,1922,1922,2,0,0,0,0,0,0,0,0,0,0,0,2,0,0,Port Sunlight,NA,104
LH,1962,1971,341,0,35,23,0,2,21,0,1,0,0,0,385,0,38,Local,Ellesmere Port Town,104
IF,1937,1937,11,0,4,3,0,0,0,0,0,0,0,0,14,0,4,Waterford,Barrow,104
WH,1960,1967,240,2,4,13,0,1,9,0,0,0,0,0,262,2,5,Bournemouth,Port Vale,104
F,1966,1966,1,0,0,0,0,0,1,0,0,0,0,0,2,0,0,Bangor City,Wrexham,104
IF,1931,1931,5,0,0,0,0,0,0,0,0,0,0,0,5,0,0,Lincoln City,New Brighton,104
CH,1969,1970,36,0,1,3,0,0,3,0,0,0,0,0,42,0,1,Los Angeles/U.S.A.,Poole Town,104
F,1945,1952,88,0,12,3,0,0,0,0,0,0,0,0,91,0,12,Everton,NA,104
FB,1951,1955,143,0,3,11,0,0,0,0,0,0,0,0,154,0,3,New Brighton,Cowdenbeath,104
OL,1959,1959,1,0,0,0,0,0,0,0,0,0,0,0,1,0,0,Darlington,NA,104
G,1969,1971,76,0,0,6,0,0,7,0,0,0,0,0,89,0,0,Stanley Arms,Liverpool,104
G,1971,1973,80,0,0,11,0,0,3,0,0,0,0,0,94,0,0,Liverpool,Chorley,104
MF,1980,1980,3,3,0,0,0,0,0,0,0,0,0,0,3,3,0,Liveroool,Oswestry,104
CH,1922,1923,5,0,0,0,0,0,0,0,0,0,0,0,5,0,0,Everton,NA,104
MF,1984,1984,14,4,0,2,1,0,1,0,0,2,1,0,19,6,0,Stafford Rangers,Cambridge United,104
IF,1947,1947,13,0,2,2,0,0,0,0,0,0,0,0,15,0,2,Bury,NA,104
CF,1982,1982,6,1,0,0,0,0,0,0,0,0,0,0,6,1,0,Everton (loan),NA,104
RH,1925,1925,14,0,0,0,0,0,0,0,0,0,0,0,14,0,0,Manchester City,Crossley Bros,104
RB,1930,1931,30,0,0,4,0,0,0,0,0,0,0,0,34,0,0,Wigan Borough,Rhyl,104
OR,1932,1932,8,0,0,0,0,0,0,0,0,0,0,0,8,0,0,Merthyr Town,Grimsby Town,104
LH,1925,1933,266,0,9,22,0,1,0,0,0,0,0,0,288,0,10,Cardiff City,NA,104
RB,1923,1924,11,0,0,0,0,0,0,0,0,0,0,0,11,0,0,Buckley Town,Mold,104
G,1936,1938,58,0,0,1,0,0,0,0,0,0,0,0,59,0,0,Bradford Park Avenue,NA,104
G,1960,1966,180,0,0,8,0,0,6,0,0,0,0,0,194,0,0,Blackburn Rovers,Wigan Athletic,104
IF,1923,1931,162,0,50,11,0,2,0,0,0,0,0,0,173,0,52,Reading,Wrexham,104
LB,1930,1932,88,0,0,7,0,0,0,0,0,0,0,0,95,0,0,Aberdeen,Jersey,104
CF,1921,1921,11,0,2,0,0,0,0,0,0,0,0,0,11,0,2,Middlesbrough,NA,104
G,1945,1956,188,0,0,14,0,0,0,0,0,0,0,0,202,0,0,Flint Town,Runcorn,104
IL,1922,1922,5,0,2,0,0,0,0,0,0,0,0,0,5,0,2,Everton,Winsford United,104
CH,1960,1961,14,0,0,0,0,0,1,0,0,0,0,0,15,0,0,Halifax Town,NA,105
OR,1964,1965,33,2,6,1,0,0,2,0,0,0,0,0,36,2,6,Carlisle United,NA,105
CF,1972,1973,61,0,22,2,1,0,5,0,3,0,0,0,68,1,25,Chester Highlands Park,NA,105
F,1979,1980,43,3,21,6,0,3,8,0,1,0,0,0,57,3,25,Carlisle United,Mansfield Town,105
OR,1933,1933,7,0,1,0,0,0,0,0,0,0,0,0,7,0,1,Sheffield Wednesday,NA,105
CF,1936,1936,2,0,0,0,0,0,0,0,0,0,0,0,2,0,0,Denbigh,NA,105
OL,1971,1971,2,5,1,0,0,0,1,0,0,0,0,0,3,5,1,Plymouth Argyle,NA,105
OR,1936,1936,1,0,0,0,0,0,0,0,0,0,0,0,1,0,0,South Liverpool,NA,105
MF,1995,1996,14,13,2,0,0,0,0,2,0,0,0,0,14,15,2,YTS,NA,105
CH,1934,1936,7,0,0,0,0,0,0,0,0,0,0,0,7,0,0,New Brighton,NA,105
HB,1947,1947,22,0,0,2,0,0,0,0,0,0,0,0,24,0,0,Accrington Stanley,NA,105
S,1987,1994,191,51,62,9,4,2,20,5,6,19,5,5,239,65,75,Stork,Millwall,105
CF,1962,1966,130,0,70,4,0,2,8,0,4,0,0,0,142,0,76,Liverpool (amateur),Shrewsbury Town,105
CF,1971,1971,5,0,1,0,0,0,0,0,0,0,0,0,5,0,1,Walsall,Crewe Alexandra,105
CF,1925,1926,70,0,32,4,0,1,0,0,0,0,0,0,74,0,33,Preston North End,Lancaster Town,105
LB,1965,1967,99,4,0,7,0,0,3,0,0,0,0,0,109,4,0,Oldham Athletic,NA,105
MF,1987,1993,130,38,9,8,3,1,15,4,0,12,2,2,165,47,12,Caemarfon Town,Doncaster Rovers,105
FB,1967,1984,557,10,6,29,1,0,40,0,0,0,0,0,626,11,6,Local,Wigan Athletic,105
CH,1925,1926,84,0,3,4,0,0,0,0,0,0,0,0,88,0,3,Bolton Wanderers,Sheffield United,105
OL,1937,1937,9,0,2,0,0,0,0,0,0,0,0,0,9,0,2,Hull City,Runcorn,105
RH,1933,1934,57,0,3,5,0,1,0,0,0,0,0,0,62,0,4,Torquay United,Lincoln City,105
CH,1921,1921,16,0,1,2,0,0,0,0,0,0,0,0,18,0,1,Nottingham Forest,NA,105
OR,1929,1931,107,0,29,8,0,2,0,0,0,0,0,0,115,0,31,Everton,Newport (Isle of Wight),105
IR,1935,1936,27,0,1,1,0,0,0,0,0,0,0,0,28,0,1,Barrow,Shrewsbury Town,105
MF,1985,1985,25,4,1,4,0,0,1,0,0,2,0,1,32,4,2,Burnley,Colne Dynamoes,105
IR,1938,1938,11,0,1,1,0,0,0,0,0,0,0,0,12,0,1,Burnley,Falkirk,105
CH,1950,1960,357,0,3,21,0,0,3,0,0,0,0,0,381,0,3,Neston,Ellesmere Port Town,105
F,1962,1962,18,0,3,0,0,0,1,0,1,0,0,0,19,0,4,Accrington Stanley,Sankeys,105
CH,1921,1921,16,0,2,0,0,0,0,0,0,0,0,0,16,0,2,Pontypridd,Rochdale,105
F,1973,1975,77,6,10,1,0,0,3,0,0,0,0,0,81,6,10,Aberdeen,Preston North End,105
G,1923,1924,55,0,0,8,0,0,0,0,0,0,0,0,63,0,0,Liverpool,Blue Circle,105
FB,1956,1956,11,0,3,0,0,0,0,0,0,0,0,0,11,0,3,Everton,Runcorn,105
CH,1970,1972,71,1,0,7,0,0,4,0,0,0,0,0,82,1,0,Plymouth Argyle,Southport,105
D,1982,1982,21,1,0,3,0,0,2,1,0,0,0,0,26,2,0,Telford United,Bangor City,105
WH,1968,1971,107,1,1,7,0,0,9,0,0,0,0,0,123,1,1,Skelmersdale United,NA,105
LB,1957,1957,36,0,0,3,0,0,0,0,0,0,0,0,39,0,0,Chesterfield,NA,105
S,1994,1996,41,17,12,1,1,0,3,2,1,0,1,0,45,21,13,YTS,Nottingham Forest,105
CF,1970,1972,83,10,21,12,0,4,5,1,1,0,0,0,100,11,26,Sunderland,Hartlepool,105
CH,1930,1930,4,0,0,0,0,0,0,0,0,0,0,0,4,0,0,Merthyr Town,Shamrock Rovers,105
CF,1971,1978,248,1,72,13,0,3,18,0,4,0,0,0,279,1,79,Local,Cardiff City,105
CF,1986,1988,75,0,6,8,0,0,5,0,0,4,0,1,92,0,7,Rochdale,NA,105
OL,1921,1921,2,0,0,0,0,0,0,0,0,0,0,0,2,0,0,Leeds United,NA,105
OR,1921,1926,148,0,12,11,0,0,0,0,0,0,0,0,159,0,12,Cammell Laird,NA,105
MF,1995,1996,0,5,1,0,0,0,0,0,0,0,0,0,0,5,1,YTS,NA,105
D,1981,1981,10,6,2,1,0,0,2,0,0,0,0,0,13,6,2,Blackburn Rovers,Northwich Victoria,105
OR,1985,1996,373,45,50,27,0,5,33,2,1,30,3,5,463,50,61,Wolves,NA,105
CH,1980,1981,26,0,1,1,0,0,2,0,0,0,0,0,29,0,1,Local,Everton,105
S,1985,1994,286,33,142,17,1,14,22,3,6,26,5,18,351,42,180,Brighton & Hove Albion,Birmingham City,105
IF,1959,1960,38,0,8,1,0,0,2,0,0,0,0,0,41,0,8,Accrington Stanley,Northwich Victoria,105
FB,1979,1995,484,34,14,30,1,0,32,3,2,38,2,1,584,40,17,Motherwell,NA,105
OL,1930,1930,3,0,0,0,0,0,0,0,0,0,0,0,3,0,0,Oldham Athletic,Ellesmere Port Town,105
OR,1987,1988,11,15,1,2,0,0,2,0,0,0,0,0,15,15,1,Stork,Marine,105
OR,1960,1961,10,0,1,1,0,0,0,0,0,0,0,0,11,0,1,Leeds United,NA,105
IF,1952,1953,45,0,2,5,0,0,0,0,0,0,0,0,50,0,2,Brentford,Bradford City,105
FB,1949,1951,89,0,0,4,0,0,0,0,0,0,0,0,93,0,0,Liverpool,NA,105
IR,1934,1935,81,0,19,7,0,1,0,0,0,0,0,0,88,0,20,Manchester United,Coventry City,105
W,1967,1969,67,5,12,8,1,2,5,0,0,0,0,0,80,6,14,Raith Rovers,NA,105
OL,1973,1973,13,0,1,0,0,0,2,0,0,0,0,0,15,0,1,Liverpool (loan),NA,105
OL,1978,1978,41,2,0,3,0,1,2,0,1,0,0,0,46,2,2,Charlton Athletic,Carlisle United,105
OR,1948,1949,12,0,1,1,0,0,0,0,0,0,0,0,13,0,1,Cardiff City,Chelmsford,105
F,1974,1974,4,1,0,0,0,0,0,0,0,0,0,0,4,1,0,Bolton Wanderers (loan),NA,105
LB,1987,1990,125,0,14,8,0,0,13,1,1,10,0,1,156,1,16,Runcorn,Altrincham,105
OR,1951,1959,237,0,40,12,0,0,0,0,0,0,0,0,249,0,40,Unity BC,NA,105
IF,1957,1960,68,0,26,2,0,0,0,0,0,0,0,0,70,0,26,Local,Stockport County,105
IF,1963,1964,45,0,25,1,0,0,2,0,1,0,0,0,48,0,26,Stockport County,Southport,105
CH,1966,1967,35,0,0,3,0,0,3,0,0,0,0,0,41,0,0,Local,Derby County,105
LH,1925,1925,8,0,0,0,0,0,0,0,0,0,0,0,8,0,0,Everton,Norwich City,105
CD,1991,1996,119,2,1,4,0,0,10,1,0,3,2,0,136,5,1,YTS,NA,105
CH,1960,1961,35,0,0,1,0,0,0,0,0,0,0,0,36,0,0,Leeds United,Cambridge City,105
D,1982,1982,0,4,0,0,0,0,0,1,0,0,0,0,0,5,0,Local,NA,105
CF,1949,1949,12,0,1,0,0,0,0,0,0,0,0,0,12,0,1,NA,NA,105
CF,1982,1982,2,2,0,0,0,0,0,1,0,0,0,0,2,3,0,Poulton Victoria,Telford United,105
CF,1987,1988,13,3,3,0,0,0,1,3,0,0,1,0,14,7,3,Telford United,Altrincham,105
RH,1935,1936,43,0,4,5,0,0,0,0,0,0,0,0,48,0,4,Bradford City,Rochdale,105
IF,1948,1948,2,0,0,0,0,0,0,0,0,0,0,0,2,0,0,New Brighton,Morecambe,105
FB,1983,1983,39,1,0,0,0,0,2,0,0,3,0,0,44,1,0,Wigan Athletic,NA,105
G,1986,1986,3,0,0,0,0,0,2,0,0,0,0,0,5,0,0,Bradford City,Boston United,105
F,1984,1984,2,0,0,1,1,1,0,0,0,0,1,0,3,2,1,Local,NA,105
OR,1932,1932,24,0,4,5,0,0,0,0,0,0,0,0,29,0,4,Millwall,Glenavon,105
MF,1989,1992,97,11,6,6,1,0,3,2,0,19,0,2,125,14,8,Manchester City,Ayr United,105
OR,1954,1954,1,0,0,0,0,0,0,0,0,0,0,0,1,0,0,Local,NA,105
D,1985,1985,7,0,0,0,0,0,1,0,0,0,0,0,8,0,0,St Johnstone,Montrose,105
FB,1924,1930,81,0,2,4,0,0,0,0,0,0,0,0,85,0,2,Prescot Cables,Prescot Cables,105
WH,1960,1962,79,0,2,8,0,0,3,0,0,0,0,0,90,0,2,Bury,Wigan Athletic,105
W,1991,1991,8,0,0,0,0,0,0,0,0,0,0,0,8,0,0,Everton (loan),NA,105
W,1992,1996,187,12,32,8,0,2,16,0,5,8,0,0,219,12,39,Everton,Kilmarnock,105
CH,1934,1935,59,0,0,4,0,0,0,0,0,0,0,0,63,0,0,Manchester United,NA,105
RB,1946,1946,3,0,0,0,0,0,0,0,0,0,0,0,3,0,0,Local,NA,105
LB,1921,1921,17,0,0,0,0,0,0,0,0,0,0,0,17,0,0,Local,New Briohton,106
G,1987,1987,8,0,0,0,0,0,0,0,0,0,0,0,8,0,0,Manchester City (loan),NA,106
G,1988,1996,344,0,0,19,0,0,34,0,0,34,1,0,431,1,0,Manchester City,NA,106
FB,1991,1993,91,1,1,7,0,0,10,0,1,5,0,0,113,1,2,Marine,Sheffield Wednesday,106
MF,1993,1996,117,5,7,4,1,1,11,0,0,2,0,0,134,6,8,Newcastle United,NA,106
OR,1927,1927,2,0,0,0,0,0,0,0,0,0,0,0,2,0,0,Gillinahan,Darlington,106
MF,1978,1979,74,0,10,5,0,2,6,0,1,0,0,0,85,0,13,Southport,Halifac Town,106
G,1986,1986,15,0,0,0,0,0,0,0,0,0,0,0,15,0,0,Blackpool (loan),NA,106
G,1986,1987,38,0,0,2,0,0,2,0,0,2,0,0,44,0,0,Blackpool,ICI Thornton,106
CH,1938,1938,17,0,0,0,0,0,0,0,0,0,0,0,17,0,0,Port Vale,NA,106
D,1982,1982,17,0,1,0,0,0,0,0,0,0,0,0,17,0,1,Sheffield Wednesday (loan),Sheffield Wednesday,106
F,1960,1960,13,0,8,1,0,0,2,0,1,0,0,0,16,0,9,Nigeria,Holyhead Town,106
LB,1936,1938,11,0,0,0,0,0,0,0,0,0,0,0,11,0,0,Hoy1ake,Everton,106
CF,1935,1935,6,0,4,0,0,0,0,0,0,0,0,0,6,0,4,Manchester City,Newport County,106
HB,1963,1963,5,0,0,1,0,0,0,0,0,0,0,0,6,0,0,Bolton Wanderers,NA,106
MF,1973,1979,177,13,25,8,0,0,16,1,0,0,0,0,201,14,25,Local,Crewe Alexandra,106
MF,1982,1984,55,4,7,3,0,0,1,1,0,4,3,1,63,8,8,Crewe Alexandra,Bangor City,106
CF,1955,1956,4,0,3,0,0,0,0,0,0,0,0,0,4,0,3,Local,NA,106
RB,1964,1966,105,0,2,6,0,1,5,0,0,0,0,0,116,0,3,Everton,Bury,106
OL,1967,1967,3,0,0,0,0,0,0,0,0,0,0,0,3,0,0,Blackpool,Haifax Town,106
CD,1972,1983,254,4,4,13,0,0,18,0,0,0,0,0,285,4,4,Local,NA,106
WH,1946,1948,10,0,0,0,0,0,0,0,0,0,0,0,10,0,0,Local,NA,106
G,1946,1960,439,0,0,25,0,0,3,0,0,0,0,0,467,0,0,Army,Northwich Victoria,106
OR,1932,1933,30,0,0,3,0,1,0,0,0,0,0,0,33,0,1,Shaftesbury B.C,Bournemouth,106
IL,1933,1933,2,0,1,0,0,0,0,0,0,0,0,0,2,0,1,Rainhill,NA,106
OR,1973,1980,232,16,44,11,0,1,12,1,2,0,0,0,255,17,47,Nottingham Forest,NA,106
RB,1938,1938,13,0,0,0,0,0,0,0,0,0,0,0,13,0,0,Wolves,NA,106
LH,1922,1922,18,0,1,1,0,0,0,0,0,0,0,0,19,0,1,Reddich,Wallasey United,106
CH,1974,1977,174,1,5,8,0,0,9,0,0,0,0,0,191,1,5,Coventry City,USA,106
CH,1983,1984,36,0,6,2,0,0,2,0,0,5,0,1,45,0,7,USA,NA,106
OR,1945,1945,0,0,0,1,0,0,0,0,0,0,0,0,1,0,0,NA,NA,106
LB,1989,1989,2,0,0,1,0,0,2,0,0,0,0,0,5,0,0,Sheffield United (loan),NA,106
RB·,1932,1936,173,0,0,16,0,0,0,0,0,0,0,0,189,0,0,Huyton Quarry,Northampton Town,106
G,1984,1984,8,0,0,1,0,0,0,0,0,1,0,0,10,0,0,Bolon Wanderers (loan),NA,106
FB,1967,1970,41,6,0,0,0,0,7,0,0,0,0,0,48,6,0,Local,NA,106
OL,1947,1948,24,0,1,2,0,0,0,0,0,0,0,0,26,0,1,Newport County,Wigan Athletic,106
G,1935,1936,22,0,0,0,0,0,0,0,0,0,0,0,22,0,0,Notts County,Crewe Alexandra,106
D,1975,1979,31,2,1,0,1,0,3,2,0,0,0,0,34,5,1,Local,Australia,106
MF,1980,1984,76,10,4,3,3,1,5,0,0,5,0,0,89,13,5,Local,NA,106
OL,1921,1921,23,0,3,2,0,2,0,0,0,0,0,0,25,0,5,Swansea Town,Hurst,106
CF,1946,1946,2,0,0,0,0,0,0,0,0,0,0,0,2,0,0,St Annes,NA,106
CF,1960,1960,3,0,2,0,0,0,0,0,0,0,0,0,3,0,2,Aston Vila,Hartlepools United,106
CH,1946,1946,2,0,0,0,0,0,0,0,0,0,0,0,2,0,0,Local,Rochdale,106
MF,1962,1969,176,2,29,16,0,0,12,0,2,0,0,0,204,2,31,Liverpool,Elesmere Port Town,106
FB,1972,1973,13,1,0,0,0,0,0,0,0,0,0,0,13,1,0,Everton,Southport,106
MF,1992,1992,15,0,2,0,0,0,0,0,0,0,0,0,15,0,2,Middlesbrough (loan),NA,106
MF,1993,1994,18,0,0,1,0,0,1,0,0,0,1,0,20,1,0,Middlesbrough,NA,106
IL,1925,1926,56,0,13,3,0,1,0,0,0,0,0,0,59,0,14,Leicester City,Halifax Town,106
F,1982,1982,1,1,0,0,0,0,0,0,0,0,0,0,1,1,0,Bournemouth,NA,106
IL,1921,1922,21,0,6,1,0,0,0,0,0,0,0,0,22,0,6,Manchester United,Wallasey United,106
CF,1922,1922,2,0,0,0,0,0,0,0,0,0,0,0,2,0,0,Sheffield Wednesday,NA,106
OL,1956,1956,9,0,4,1,0,0,0,0,0,0,0,0,10,0,4,Llanidloes,Machynlleth,106
IL,1946,1946,5,0,1,0,0,0,0,0,0,0,0,0,5,0,1,Bradford City,NA,106
CH,1945,1945,0,0,0,4,0,0,0,0,0,0,0,0,4,0,0,NA,NA,106
OL,1928,1928,5,0,1,0,0,0,0,0,0,0,0,0,5,0,1,Cardiff City,NA,106
CF,1928,1929,17,0,13,2,0,0,0,0,0,0,0,0,19,0,13,Heswall,Manchester City,106
CF,1935,1935,1,0,0,0,0,0,0,0,0,0,0,0,1,0,0,Northampton Town,Oldham Athletic,106
LB,1928,1928,2,0,0,0,0,0,0,0,0,0,0,0,2,0,0,Cardiff City,NA,106
G,1945,1945,0,0,0,1,0,0,0,0,0,0,0,0,1,0,0,NA,NA,106
OL,1924,1927,62,0,20,4,0,2,0,0,0,0,0,0,66,0,22,Whitchurch,Sheffield Wednesday,106
IR,1925,1925,6,0,1,0,0,0,0,0,0,0,0,0,6,0,1,Huddersfield Town,Winsford,106
G,1968,1969,8,0,0,0,0,0,1,0,0,0,0,0,9,0,0,Harrowby,NA,106
LB,1932,1932,2,0,0,0,0,0,0,0,0,0,0,0,2,0,0,Bromborough Pool,NA,106
OL,1921,1921,32,0,1,2,0,0,0,0,0,0,0,0,34,0,1,Everton,Crewe Alexandra,106
OL,1962,1963,56,0,2,1,0,0,3,0,0,0,0,0,60,0,2,Wrexham,Oswestry,106
FB,1964,1968,143,4,1,5,0,0,9,0,0,0,0,0,157,4,1,Wrexham,NA,106
CF,1936,1936,1,0,0,0,0,0,0,0,0,0,0,0,1,0,0,Local,NA,106
IR,1921,1921,4,0,0,0,0,0,0,0,0,0,0,0,4,0,0,Everton,Wallasey United,106
OL,1922,1923,7,0,1,1,0,0,0,0,0,0,0,0,8,0,1,Manchester United,NA,106
s,1985,1985,4,0,3,0,0,0,0,0,0,0,0,0,4,0,3,Huddersfield Town (loan),NA,106
MF,1984,1985,55,3,5,6,0,1,3,0,0,3,0,0,67,3,6,Blackpool,Burnley,106
LB,1995,1996,53,4,2,1,0,0,1,0,0,0,0,0,55,4,2,YTS,NottinRham Forest,106
G,1932,1934,3,0,0,0,0,0,0,0,0,0,0,0,3,0,0,Liverpool,South Liverpool,106
IF,1938,1938,1,0,0,0,0,0,0,0,0,0,0,0,1,0,0,Liverpool,World War 2,106
IF,1945,1946,26,0,8,5,0,4,0,0,0,0,0,0,31,0,12,World War 2,Bradford City,106
IF,1949,1951,69,0,24,6,0,4,0,0,0,0,0,0,75,0,28,Oldham Athletic,Bradford City,106
IF,1954,1954,21,0,3,2,0,1,0,0,0,0,0,0,23,0,4,Bradford City,Bradford City,106
IF,1923,1924,8,0,0,1,0,0,0,0,0,0,0,0,9,0,0,Chester,Northwich Victoria,106
WH,1970,1970,6,1,0,0,0,0,0,0,0,0,0,0,6,1,0,NA,NA,106
w,1968,1968,25,1,3,0,0,0,2,0,0,0,0,0,27,1,3,Mansfield Town,NA,106
RB,1931,1931,2,0,0,0,0,0,0,0,0,0,0,0,2,0,0,Cardiff City,NA,106
CF,1957,1960,100,0,45,6,0,3,2,0,1,0,0,0,108,0,49,Liverpool,NA,106
OL,1938,1938,20,0,2,1,0,0,0,0,0,0,0,0,21,0,2,Notts County,NA,106
MF,1971,1972,54,1,7,7,0,0,3,0,0,0,0,0,64,1,7,Blackburn Rovers,Crewe Alexandra,106
LH,1924,1924,14,0,0,1,0,0,0,0,0,0,0,0,15,0,0,West Kirby,Pontypridd,106
WH,1946,1947,30,0,1,1,0,0,0,0,0,0,0,0,31,0,1,Burnley,NA,106
CF,1922,1924,79,0,29,8,0,4,0,0,0,0,0,0,87,0,33,Millwall,New Brighton,106
IF,1968,1969,35,1,0,4,1,2,0,0,0,0,0,0,39,2,2,South Africa,NA,106
MF,1972,1974,15,2,0,0,0,0,0,0,0,0,0,0,15,2,0,Local,Luton Town,107
CH,1973,1973,1,0,0,0,0,0,1,0,0,0,0,0,2,0,0,Formby,NA,107
CH,1922,1922,34,0,0,1,0,0,0,0,0,0,0,0,35,0,0,Barnsley,Merthy Town,107
IR,1922,1922,22,0,3,1,0,0,0,0,0,0,0,0,23,0,3,Barrow,NA,107
CH,1930,1930,3,0,0,0,0,0,0,0,0,0,0,0,3,0,0,East Fife,East Fife,107
WH,1955,1955,3,0,0,0,0,0,0,0,0,0,0,0,3,0,0,Rhyl,NA,107
RH,1930,1930,27,0,0,2,0,0,0,0,0,0,0,0,29,0,0,Liverpool,Wigan Borough,107
G,1936,1936,1,0,0,0,0,0,0,0,0,0,0,0,1,0,0,Hoylake,NA,107
CF,1946,1946,4,0,0,0,0,0,0,0,0,0,0,0,4,0,0,Local,NA,107
G,1985,1985,12,0,0,4,0,0,0,0,0,0,0,0,16,0,0,Stoke City (loan),NA,107
OL,1948,1948,1,0,0,0,0,0,0,0,0,0,0,0,1,0,0,Crystal Palace,NA,107
FB,1984,1985,22,0,1,3,0,0,1,1,0,1,1,0,27,2,1,Oldham Athletic,NA,107
IF,1963,1968,130,8,17,6,0,0,9,1,1,0,0,0,145,9,18,Liverpool,Watford,107
IF,1972,1972,12,0,0,0,0,0,0,0,0,0,0,0,12,0,0,Watford,NA,107
IF,1960,1960,4,0,0,0,0,0,0,0,0,0,0,0,4,0,0,Huddersfie Town,Halifax Town,107
CH,1967,1969,77,5,21,7,0,2,7,0,1,0,0,0,91,5,24,Everton,NA,107
IF,1924,1925,35,0,0,2,0,0,0,0,0,0,0,0,37,0,0,Gillingham,Coventry City,107
LB,1988,1988,1,1,0,0,0,0,0,0,0,0,0,0,1,1,0,Local,NA,107
IL,1938,1938,1,0,0,0,0,0,0,0,0,0,0,0,1,0,0,Wolves,NA,107
IR,1938,1938,1,0,0,0,0,0,0,0,0,0,0,0,1,0,0,Kirkintilloch Rob Roy,NA,107
OL,1954,1955,68,0,9,4,0,2,0,0,0,0,0,0,72,0,11,Middlesbrough,Wigan Athletic,107
LB,1930,1930,2,0,0,0,0,0,0,0,0,0,0,0,2,0,0,Local,NA,107
LH,1931,1938,235,0,3,21,0,0,0,0,0,0,0,0,256,0,3,Local,NA,107
IL,1932,1933,15,0,2,1,0,2,0,0,0,0,0,0,16,0,4,Aston Villa,Leamington Town,107
CF,1956,1956,7,0,3,1,0,0,0,0,0,0,0,0,8,0,3,Sunderland,NA,107
I CF,1972,1972,9,0,1,2,0,0,0,0,0,0,0,0,11,0,1,Coventry City,Portsmouth,107
I WH,1965,1965,0,1,1,0,0,0,0,0,0,0,0,0,0,1,1,Bolton Wanderers,NA,107
CF,1987,1991,167,13,29,7,1,2,16,2,6,20,0,10,210,16,47,Wrexham,Retired,107
FB,1945,1956,311,0,0,27,0,0,0,0,0,0,0,0,338,0,0,Carlton,Burscough,107
IF,1955,1956,15,0,5,0,0,0,0,0,0,0,0,0,15,0,5,Everton,Ellesmere Port Town,107
IF,1966,1967,28,4,3,6,0,1,1,0,0,0,0,0,35,4,4,Oldham Athletic,NA,107
FB,1994,1994,3,0,0,0,0,0,1,0,0,1,0,0,5,0,0,Glasgow Rangers (loan),NA,107
FB,1994,1996,100,1,1,4,0,0,9,0,0,1,0,0,114,1,1,Glasgow Rangers,NA,107
LH,1973,1973,20,0,0,2,0,0,5,0,0,0,0,0,27,0,0,Stoke City,NA,107
RB,1966,1969,114,9,2,12,0,0,4,0,0,0,0,0,130,9,2,Hartlepool,Ellesmere Port Town,107
CH,1967,1971,112,6,8,11,0,2,6,0,0,0,0,0,129,6,10,Juniors,Liverpool,107
CF,1921,1921,1,0,0,0,0,0,0,0,0,0,0,0,1,0,0,Halifax Town,NA,107
CH,1964,1965,83,0,2,3,0,0,3,0,0,0,0,0,89,0,2,Stoke City,Stockport County,107
LB,1921,1927,192,0,13,13,0,0,0,0,0,0,0,0,205,0,13,Bootle Albion,NA,107
RB,1921,1922,4,0,0,0,0,0,0,0,0,0,0,0,4,0,0,Manchester City,Southport,107
FB,1955,1955,3,0,1,0,0,0,0,0,0,0,0,0,3,0,1,Everton,NA,107
CD,1995,1996,54,0,0,0,0,0,8,0,0,0,0,0,62,0,0,Aston Villa,NA,107
G,1932,1932,1,0,0,0,0,0,0,0,0,0,0,0,1,0,0,Hoylake,New Brighton,107
G,1936,1936,1,0,0,0,0,0,0,0,0,0,0,0,1,0,0,New Brighton,Northwich Victoria,107
LB,1925,1929,175,0,0,9,0,0,0,0,0,0,0,0,184,0,0,Bolton Wanderers,Congleton Town,107
CF,1978,1978,10,1,2,0,0,0,0,0,0,0,0,0,10,1,2,Everton (loan),NA,107
G,1969,1970,18,0,0,3,0,0,1,0,0,0,0,0,22,0,0,Blackpool,Oxford United,107
OR,1938,1938,9,0,1,0,0,0,0,0,0,0,0,0,9,0,1,Millwall,NA,107
IL,1948,1948,1,0,0,0,0,0,0,0,0,0,0,0,1,0,0,Amateur,Port Sunlight,107
D,1988,1996,264,3,12,7,0,0,23,1,1,16,0,1,310,4,14,YTS,Everton,107
CH,1933,1933,6,0,0,1,0,0,0,0,0,0,0,0,7,0,0,Oldham Athletic,Rochdale,107
RB,1948,1948,1,0,0,0,0,0,0,0,0,0,0,0,1,0,0,Lincoln City,NA,107
RB,1922,1922,35,0,5,1,0,0,0,0,0,0,0,0,36,0,5,Millwall,Retired,107
CF,1926,1926,1,0,0,0,0,0,0,0,0,0,0,0,1,0,0,Bolton Wanderers,NA,107
CD,1996,1996,19,0,1,0,0,0,0,0,0,0,0,0,19,0,1,Wimbledon,NA,107
OL,1986,1986,4,1,3,0,0,0,0,0,0,1,0,0,5,1,3,Bradford City (loan),NA,107
D,1986,1987,51,2,0,2,0,0,4,0,1,3,0,0,60,2,1,Stockport County,Stockport County,107
IF,1951,1951,25,0,15,4,0,3,0,0,0,0,0,0,29,0,18,Chester,Wrexham,107
CF,1932,1933,7,0,1,0,0,0,0,0,0,0,0,0,7,0,1,Shaftesbury BC,Witton Albion,107
MF,1985,1985,36,0,0,2,0,0,2,0,0,3,0,0,43,0,0,Northampton Town,Walsall,107
CF,1938,1938,13,0,3,1,0,0,0,0,0,0,0,0,14,0,3,Derby County,Kidderminster Harriers,107
G,1936,1936,1,0,0,0,0,0,0,0,0,0,0,0,1,0,0,Lytham,NA,107
OR,1965,1965,7,0,3,0,0,0,1,0,0,0,0,0,8,0,3,Halifax Town,NA,107
MF,1972,1977,193,2,26,10,0,2,16,0,3,0,0,0,219,2,31,Local,Blackpool,107
OL,1927,1935,310,0,94,23,0,13,0,0,0,0,0,0,333,0,107,Atherton,Exeter City,107
MF,1972,1974,76,3,5,4,1,0,6,0,0,0,0,0,86,4,5,Heart of Midlothian,Halifax Town,107
CD,1985,1993,317,1,11,19,0,3,20,1,5,29,0,1,385,2,20,Spennymoor United,Middlesbrough,107
CH,1938,1938,21,0,0,0,0,0,0,0,0,0,0,0,21,0,0,Everton,NA,107
F,1954,1955,22,0,6,0,0,0,0,0,0,0,0,0,22,0,6,Airdrie,Macclesfield,107
CF,1927,1927,24,0,23,3,0,1,0,0,0,0,0,0,27,0,24,Tranmer Celtic,Aston Villa,107
CF,1936,1938,74,0,42,4,0,1,0,0,0,0,0,0,78,0,43,Wolves,Accrington Stanley,107
LB,1933,1934,7,0,0,0,0,0,0,0,0,0,0,0,7,0,0,Troodyrhiw,Hereford Town,107
D,1982,1982,5,4,0,0,0,0,0,0,0,0,0,0,5,4,0,Rochdale,NA,107
LB,1937,1938,60,0,2,3,0,0,0,0,0,0,0,0,63,0,2,Millwall,Retired Injured,107
CF,1929,1929,30,0,18,2,0,1,0,0,0,0,0,0,32,0,19,Southampton,Southport,107
CH,1933,1935,4,0,1,0,0,0,0,0,0,0,0,0,4,0,1,Scottish Juniors,South Liverpool,107
IR,1929,1933,115,0,53,13,0,7,0,0,0,0,0,0,128,0,60,Newport County,NA,107
RB,1974,1974,17,3,0,0,0,0,0,1,0,0,0,0,17,4,0,Liverpool,NA,107
OL,1964,1964,13,0,3,0,0,0,1,0,0,0,0,0,14,0,3,Luton Town,Scarborough,107
F,1982,1982,16,0,3,0,0,0,0,0,0,0,0,0,16,0,3,Rochdale,Northwich Victoria,107
F,1983,1983,9,0,0,0,0,0,0,0,0,0,0,0,9,0,0,Northwich Victoria,Swansea City,107
G,1976,1978,17,0,0,0,0,0,0,0,0,0,0,0,17,0,0,Everton,NA,107
CF,1966,1966,13,1,3,2,0,0,0,0,0,0,0,0,15,1,3,Halifax Town,Colchester United,107
RH,1948,1950,101,0,9,5,0,2,0,0,0,0,0,0,106,0,11,Carlton,Bolton Wanderers,107
OR,1925,1926,45,0,16,2,0,0,0,0,0,0,0,0,47,0,16,Stoke City,Yeovil & Petters,107
CF,1931,1933,80,0,29,10,0,6,0,0,0,0,0,0,90,0,35,Bradford City,NA,107
F,1978,1980,0,2,0,0,0,0,0,0,0,0,0,0,0,2,0,Local,NA,107
LB,1936,1936,11,0,0,0,0,0,0,0,0,0,0,0,11,0,0,Bradford Park Avenue,Hartlepools United,107
G,1923,1923,1,0,0,0,0,0,0,0,0,0,0,0,1,0,0,Local,Pontypridd,108
HB,1963,1963,3,0,0,0,0,0,0,0,0,0,0,0,3,0,0,Bangor City,NA,108
D,1976,1976,1,0,0,0,0,0,0,0,0,0,0,0,1,0,0,Local,Djurgaardens/Sweden,108
D,1982,1988,163,11,16,9,0,0,6,1,0,13,0,2,191,12,18,Swindon Town,NA,108
OL,1966,1967,73,1,12,8,0,3,4,0,0,0,0,0,85,1,15,Wellington Town,Port Vale,108
OL,1946,1946,1,0,0,0,0,0,0,0,0,0,0,0,1,0,0,Local,NA,108
CH,1978,1984,167,6,12,12,0,1,13,1,0,2,0,0,194,7,13,Local,Port Vale,108
IF,1957,1960,161,0,88,9,0,8,3,0,1,0,0,0,173,0,97,Everton,Plymouth Argyle,108
WH,1951,1958,197,0,12,17,0,4,0,0,0,0,0,0,214,0,16,Local,Johannesburg,108
WH,1946,1956,53,0,2,3,0,0,0,0,0,0,0,0,56,0,2,Local,Southport,108
IF,1946,1946,4,0,3,0,0,0,0,0,0,0,0,0,4,0,3,Local,South Liverpool,108
OL,1945,1952,92,0,21,13,0,2,0,0,0,0,0,0,105,0,23,Harrogate,Swindon Town,108
RB,1962,1963,54,0,0,5,0,0,3,0,0,0,0,0,62,0,0,Preston North End,New Brighton,108
CH,1921,1921,1,0,0,0,0,0,0,0,0,0,0,0,1,0,0,South Liverpool,NA,108
F,1953,1954,27,0,2,0,0,0,0,0,0,0,0,0,27,0,2,Bradford City,Yeovil Town,108
IL,1936,1936,37,0,11,1,0,0,0,0,0,0,0,0,38,0,11,Crewe Alexandra,New Brighton,108
OL,1949,1949,31,0,5,2,0,1,0,0,0,0,0,0,33,0,6,Barhill,Witton Albion,108
W,1974,1974,1,2,0,0,0,0,0,0,0,0,0,0,1,2,0,Local,New Zealand,108
W,1996,1996,1,0,0,0,0,0,0,0,0,0,0,0,1,0,0,Cork City,Cork City,108
MF,1982,1984,9,5,2,0,0,0,1,0,0,0,1,0,10,6,2,Local,Runcorn,108
IL,1933,1935,102,0,38,8,0,6,0,0,0,0,0,0,110,0,44,Manchester United,Chesterfield,108
CF,1985,1986,51,8,21,5,1,1,4,0,2,3,2,0,63,11,24,Brighton & Hove Albion,Preston North End,108
CF,1966,1970,123,0,68,10,2,6,14,0,7,0,0,0,147,2,81,Luton Town,NA,108
RB,1926,1928,92,0,0,5,0,0,0,0,0,0,0,0,97,0,0,Crewe Alexandra,Mansfield Town,108
CH,1971,1973,96,1,5,8,0,1,5,0,0,0,0,0,109,1,6,Liverpool,Stalybridge Celtic,108
F,1972,1976,170,2,27,9,0,1,11,1,1,0,0,0,190,3,29,Falkirk,Rotherham United,108
