page,row,surname,forename,date_of_birth,dob,dob_qtr,dob_yr,dob_yr_is_est,period,position,ssn_join,ssn_lve,lge_apps,lge_sub,lge_gls,fac_apps,fac_sub,fac_gls,lc_apps,lc_sub,lc_gls,other_apps,other_sub,other_gls,total_apps,total_subs,total_gls,prev_club,next_club,is_loan
101,1,A'Court,Alan,30-Sep-34,1934-09-30,3,1934,0,1,OL,1964,1965,50,0,11,3,0,0,1,0,0,0,0,0,54,0,11,Liverpool,Norwich City,0
101,2,Adams,Arthur,NA,NA,NA,NA,0,1,OR,1932,1932,3,0,1,1,0,0,0,0,0,0,0,0,4,0,1,NA,NA,0
101,3,Adams,Edward,12-Nov-08,1908-11-12,4,1908,0,1,OR,1929,1931,3,0,0,0,0,0,0,0,0,0,0,0,3,0,0,Bromborough Pool,Bromborough Pool,0
101,4,Adkins,Nigel,11-Mar-65,1965-03-11,1,1965,0,1,G,1982,1985,86,0,0,2,0,0,4,0,0,6,0,0,98,0,0,Liverpool,Wigan Athletic,0
101,5,Alcock,Edward,NA,NA,NA,1914,1,1,OL,1935,1935,5,0,1,0,0,0,0,0,0,0,0,0,5,0,1,Congleton Town,Congleton Town,0
101,6,Aldridge,John,18-Sep-58,1958-09-18,3,1958,0,1,F,1991,1996,220,14,133,8,1,4,25,0,22,12,0,10,265,15,169,Real Sociedad/Spain,NA,0
101,7,Alexander,Alex,28-Sep-24,1924-09-28,3,1924,0,1,OL,1946,1948,23,0,3,0,0,0,0,0,0,0,0,0,23,0,3,New Brighton,NA,0
101,8,Alldis,Gillie,26-Jan-20,1920-01-26,1,1920,0,1,RH,1938,1938,1,0,0,0,0,0,0,0,0,0,0,0,1,0,0,Local,World War 2,0
101,9,Alldis,Gillie,26-Jan-20,1920-01-26,1,1920,0,2,RH,1946,1948,74,0,4,2,0,0,0,0,0,0,0,0,76,0,4,World War 2,New Brighton,0
101,10,Allen,Mark,18-Dec-63,1963-12-18,4,1963,0,1,F,1983,1983,6,4,0,2,0,1,1,0,0,0,0,0,9,4,1,Burnley,Runcorn,0
101,11,Allen,Russell,09-Jan-54,1954-01-09,1,1954,0,1,F,1973,1977,137,19,42,4,1,1,9,0,3,0,0,0,150,20,46,West Bromwich Albion,Mansfield,0
101,12,Almond,John,NA,NA,4,1915,0,1,OL,1936,1936,22,0,5,1,0,0,0,0,0,0,0,0,23,0,5,Stoke City,Shrewsbury Town,0
101,13,Amery,Charlie,16-Sep-10,1910-09-16,3,1910,0,1,LB,1935,1937,47,0,0,2,0,0,0,0,0,0,0,0,49,0,0,New Brighton,Stockport County,0
101,14,Anders,Jimmy,08-Mar-28,1928-03-08,NA,NA,0,1,OL,1961,1961,8,0,1,0,0,0,0,0,0,0,0,0,8,0,1,Bradford Park Avenue,NA,0
101,15,Anderson,Doug,29-Aug-63,1963-08-29,1,1928,0,1,OL,1984,1986,125,1,15,8,0,2,5,1,1,7,0,2,145,2,20,Oldham Athletic,Plymouth Argyle,0
101,16,Anderson,Ted,17-Jul-11,1911-07-17,3,1963,0,1,WH,1937,1938,31,0,0,1,0,0,0,0,0,0,0,0,32,0,0,Chester,World War 2,0
101,17,Anderson,Ted,17-Jul-11,1911-07-17,3,1911,0,2,WH,1945,1947,42,0,0,5,0,0,0,0,0,0,0,0,47,0,0,World War 2,NA,0
101,18,Arnell,Alan,25-Nov-33,1933-11-25,3,1911,0,1,CF,1960,1962,68,0,34,2,0,1,1,0,3,0,0,0,71,0,38,Liverpool,Halifax Town,0
101,19,Ashcroft,Billy,01-Oct-52,1952-10-01,4,1933,0,1,CD,1985,1985,16,7,2,2,1,0,2,0,0,2,1,0,22,9,2,FC Twente,NA,0
101,20,Ashcroft,Llew,10-Jul-21,1921-07-10,4,1952,0,1,OR,1945,1946,20,0,4,3,0,2,0,0,0,0,0,0,23,0,6,Flint Town,NA,0
101,21,Ashworth,Barry,15-Aug-42,1942-08-15,3,1921,0,1,RH,1966,1966,21,0,3,2,0,0,1,0,1,0,0,0,24,0,4,Hartlepools United,Chester,0
101,22,Aspinall,John,15-Mar-59,1959-03-15,3,1942,0,1,MF,1982,1984,100,7,25,6,0,2,7,0,1,6,0,1,119,7,29,Local,Altrincham,0
101,23,Aspinall,John,15-Mar-59,1959-03-15,1,1959,0,2,MF,1987,1987,11,1,1,0,0,0,0,0,0,1,0,0,12,1,1,Bangor City,Bangor City,0
101,24,Atkinson,Harold,28-Jul-25,1925-07-28,1,1959,0,1,CF,1945,1954,185,0,91,12,0,13,0,0,0,0,0,0,197,0,104,Carlton,Chesterfield,0
101,25,Bainbridge,Bill,09-Mar-22,1922-03-09,3,1925,0,1,IR,1948,1953,168,0,64,14,0,4,0,0,0,0,0,0,182,0,68,Bury,Ellesmere Port Town,0
101,26,Baker,Horace,01-Sep-10,1910-09-01,1,1922,0,1,OR,1934,1935,23,0,10,2,0,2,0,0,0,0,0,0,25,0,12,Port Vale,Shrewsbury Town,0
101,27,Baldwin,Edmund,,,3,1910,0,1,CF,1921,1921,1,0,0,0,0,0,0,0,0,0,0,0,1,0,0,NA,NA,0
101,28,Bamber,Jack,11-Apr-95,1895-04-11,2,1895,0,1,CH,1927,1929,86,0,1,3,0,1,0,0,0,0,0,0,89,0,2,Leicester City,Prescot Cables,0
101,29,Barnett,Graham,17-May-36,1936-05-17,2,1936,0,1,IF,1959,1960,32,0,11,0,0,0,0,0,0,0,0,0,32,0,11,Port Vale,Halifax Town,0
101,30,Barrett,Arthur,21-Dec-27,1927-12-21,4,1927,0,1,HB,1946,1946,1,0,0,0,0,0,0,0,0,0,0,0,1,0,0,Local,NA,0
101,31,Barrie,John,17-May-25,1925-05-17,2,1925,0,1,FB,1948,1950,14,0,3,0,0,0,0,0,0,0,0,0,14,0,3,Cardiff City,NA,0
101,32,Barton,Teddy,NA,NA,1,1904,0,1,RH,1925,1934,237,0,5,20,0,0,0,0,0,0,0,0,257,0,5,Everton,NA,0
101,33,Bauress,Gary,19-Jan-71,1971-01-19,1,1971,0,1,CH,1989,1989,1,0,0,0,0,0,0,0,0,0,0,0,1,0,0,YTS,NA,0
101,34,Bavin,John,25-May-21,1921-05-25,2,1921,0,1,FB,1948,1948,2,0,0,0,0,0,0,0,0,0,0,0,2,0,0,Arbroath,NA,0
101,35,Beamish,Kenny,25-Aug-47,1947-08-25,3,1947,0,1,F,1965,1971,176,2,49,20,0,7,11,1,7,0,0,0,207,3,63,Local,Brighton & Hove Albion,0
101,36,Beamish,Kenny,25-Aug-47,1947-08-25,3,1947,0,2,F,1979,1980,57,2,15,5,0,3,4,0,0,0,0,0,66,2,18,Bury,Swindon Town,0
101,37,Bedford,Fred,25-Jun-02,1902-06-25,2,1902,0,1,OR,1927,1927,3,0,2,0,0,0,0,0,0,0,0,0,3,0,2,Lancaster Town,Morecambe,0
101,38,Bell,Bunny,10-Apr-11,1911-04-10,2,1911,0,1,CF,1930,1935,114,0,102,13,0,11,0,0,0,0,0,0,127,0,113,Carlton,Everton,0
101,39,Bell,Graham,30-Mar-55,1955-03-30,1,1955,0,1,MF,1986,1986,41,1,4,2,0,0,2,0,0,2,0,0,47,1,4,Bolton Wanderers,Hyde United,0
101,40,Bell,Harold,22-Nov-24,1924-11-22,4,1924,0,1,CH,1945,1959,595,0,11,36,0,1,0,0,0,0,0,0,631,0,12,Local,Holyhead Town,0
101,41,Bennett,Gary,20-Sep-62,1962-09-20,3,1962,0,1,F,1995,1995,26,3,9,0,0,0,4,0,0,0,0,0,30,3,9,Wrexham,Preston North End,0
101,42,Best,John,11-Jul-40,1940-07-11,3,1940,0,1,HB,1960,1960,7,0,0,0,0,0,0,0,0,0,0,0,7,0,0,Liverpool,Sankeys,0
101,43,Beswick,Sammy,08-Mar-03,1903-03-08,1,1903,0,1,CF,1922,1928,67,0,32,6,0,1,0,0,0,0,0,0,73,0,33,Stockport County,Rhyl,0
101,44,Bevan,Harry,23-Feb-06,1906-02-23,1,1906,0,1,IL,1927,1927,3,0,2,0,0,0,0,0,0,0,0,0,3,0,2,Runcorn,Prescot Cables,0
101,45,Billington,Stan,23-Feb-37,1937-02-23,1,1937,0,1,FB,1960,1963,93,0,0,2,0,0,4,0,0,0,0,0,99,0,0,Everton,Altrincham,0
101,46,Birmingham,Charles,24-Aug-22,1922-08-24,3,1922,0,1,IF,1946,1946,2,0,1,0,0,0,0,0,0,0,0,0,2,0,1,Everton,NA,0
101,47,Birtles,Danny,24-Feb-04,1904-02-24,1,1904,0,1,OR,1924,1924,10,0,0,1,0,0,0,0,0,0,0,0,11,0,0,Lancaster Town,Lancaster Town,0
101,48,Bishop,Eddie,28-Nov-62,1962-11-28,4,1962,0,1,MF,1987,1990,46,31,19,2,2,0,8,3,3,2,3,0,58,39,22,Runcorn,Chester City,0
101,49,Blundell,Alan,18-Aug-47,1947-08-18,3,1947,0,1,HB,1965,1966,3,0,0,0,0,0,0,0,0,0,0,0,3,0,0,Local,NA,0
101,50,Bonetti,Ivano,01-Aug-64,1964-08-01,3,1964,0,1,W,1996,1996,9,4,1,0,0,0,2,0,1,0,0,0,11,4,2,Grimsby Town,NA,0
101,51,Bowen,William,16-Mar-09,1909-03-16,1,1909,0,1,CF,1929,1929,3,0,0,0,0,0,0,0,0,0,0,0,3,0,0,Local,NA,0
101,52,Bracewell,Ken,05-Oct-36,1936-10-05,4,1936,0,1,FB,1959,1960,28,0,1,0,0,0,0,0,0,0,0,0,28,0,1,Burnley,Nelson,0
101,53,Bradshaw,George,12-Mar-04,1904-03-12,1,1904,0,1,LB,1935,1935,5,0,0,0,0,0,0,0,0,0,0,0,5,0,0,Bury,NA,0
101,54,Bradshaw,Harry,22-Jan-95,1895-01-22,1,1895,0,1,G,1921,1922,59,0,0,2,0,0,0,0,0,0,0,0,61,0,0,South Liverpool,Ellesmere Port CW,0
101,55,Bramhall,John,20-Nov-56,1956-11-20,4,1956,0,1,CH,1976,1981,164,6,7,8,1,0,14,0,1,0,0,0,186,7,8,Stockton Heath,Bury,0
101,56,Branch,Graham,12-Feb-72,1972-02-12,1,1972,0,1,W,1991,1996,39,38,7,0,2,0,3,5,1,2,1,0,44,46,8,Heswall,NA,0
101,57,Brannan,Ged,15-Jan-72,1972-01-15,1,1972,0,1,FB,1990,1996,234,12,21,10,1,0,26,1,4,19,0,0,289,14,25,YTS,Manchester City,0
101,58,Brennan,Mike,06-May-41,1941-05-06,2,1941,0,1,FB,1962,1962,0,0,0,0,0,0,1,0,0,0,0,0,1,0,0,Bury,Rhyl,0
101,59,Bridges,Harold,30-Jun-15,1915-06-30,2,1915,0,1,IL,1945,1947,33,0,9,6,0,1,0,0,0,0,0,0,39,0,10,Manchester City,Ashton National,0
101,60,Briggs,Arthur,27-May-00,1900-05-27,2,1900,0,1,G,1924,1931,233,0,0,13,0,0,0,0,0,0,0,0,246,0,0,Hull City,Swindon Town,0
101,61,Brodie,Eric,08-Nov-40,1940-11-08,4,1940,0,1,WH,1969,1971,81,3,3,10,0,2,6,0,1,0,0,0,97,3,6,Chester,NA,0
101,62,Brown,Andy,17-Aug-63,1963-08-17,3,1963,0,1,D,1982,1982,1,0,0,1,0,0,0,0,0,0,0,0,2,0,0,Local,NA,0
101,63,Brown,Dave,21-Oct-63,1963-10-21,4,1963,0,1,D,1982,1982,1,0,0,0,0,0,0,0,0,0,0,0,1,0,0,Local,NA,0
101,64,Brown,Jack,NA,NA,NA,NA,0,1,IF,1923,1924,47,0,11,4,0,2,0,0,0,0,0,0,51,0,13,Glenavon,Mid-Rhondda,0
101,65,Brown,Jock,02-Apr-35,1935-04-02,2,1935,0,1,LB,1960,1961,33,0,0,0,0,0,1,0,0,0,0,0,34,0,0,Third Lanark,Hartlepools United,0
101,66,Brown,Owen,04-Sep-60,1960-09-04,3,1960,0,1,F,1981,1981,29,8,8,2,0,1,6,0,5,0,0,0,37,8,14,Carlisle United,Crewe Alexandra,0
101,67,Brown,Owen,04-Sep-60,1960-09-04,3,1960,0,2,F,1982,1983,47,9,12,6,0,4,2,0,1,0,0,0,55,9,17,Crewe Alexandra,Chester City,0
101,68,Brown,Samuel,01-May-08,1908-05-01,2,1908,0,1,IR,1933,1934,13,0,2,0,0,0,0,0,0,0,0,0,13,0,2,Lincoln Corinthian,Prescot Cables,0
101,69,Buchan,Tom,NA,NA,3,1889,0,1,RH,1923,1923,36,0,0,3,0,0,0,0,0,0,0,0,39,0,0,Bolton Wanderers,Runcorn,0
101,70,Buckley,Ted,13-Sep-12,1912-09-13,3,1912,0,1,CF,1937,1938,35,0,12,3,0,2,0,0,0,0,0,0,38,0,14,Bristol Rovers,NA,0
101,71,Bullock,Steve,05-Oct-66,1966-10-05,4,1966,0,1,D,1986,1986,25,5,1,2,0,0,2,0,0,1,0,0,30,5,1,Oldham Athletic,Stockport County,0
101,72,Bullough,Denis,29-Nov-95,1895-11-29,4,1895,0,1,CF,1921,1921,9,0,5,2,0,2,0,0,0,0,0,0,11,0,7,Doncaster Rovers,Southport,0
101,73,Burgess,David,20-Jan-60,1960-01-20,1,1960,0,1,LB,1981,1985,217,1,1,15,0,0,16,0,0,11,0,0,259,1,1,Everton,Grimsby Town,0
101,74,Burgin,Meynell,29-Nov-11,1911-11-29,4,1911,0,1,CF,1934,1934,31,0,21,1,0,2,0,0,0,0,0,0,32,0,23,Wolves,Bournemouth,0
101,75,Burke,Marshall,26-Mar-59,1959-03-26,1,1959,0,1,D,1984,1984,3,0,0,0,0,0,0,0,0,0,0,0,3,0,0,Scarborough,NA,1
101,76,Burns,Kinear,24-Sep-23,1923-09-24,3,1923,0,1,OR,1946,1946,14,0,4,0,0,0,0,0,0,0,0,0,14,0,4,Southport,NA,0
101,77,Burrows,Wilf,NA,NA,1,1902,0,1,G,1926,1930,49,0,0,0,0,0,0,0,0,0,0,0,49,0,0,Selby Town,Wrexham,0
101,78,Butler,Charles,20-Mar-08,1908-03-20,1,1908,0,1,fR,1936,1936,1,0,0,0,0,0,0,0,0,0,0,0,1,0,0,Oldham Athletic,Cork City,0
101,79,Byrne,John,25-May-39,1939-05-25,2,1939,0,1,OL,1961,1961,27,0,4,1,0,0,1,0,0,0,0,0,29,0,4,Queen Of The South,Hibernian,0
101,80,Byrne,John,24-Mar-49,1949-03-24,1,1949,0,1,OR,1968,1968,1,0,0,0,0,0,0,0,0,0,0,0,1,0,0,Cammell Laird,NA,0
101,81,Byrom,Tom,17-Mar-20,1920-03-17,1,1920,0,1,WH,1946,1946,3,0,0,0,0,0,0,0,0,0,0,0,3,0,0,Heswall,NA,0
101,82,Cahill,Paul,29-Sep-55,1955-09-29,3,1955,0,1,D,1978,1978,5,0,0,3,0,0,0,0,0,0,0,0,8,0,0,USA,Stockport County,0
101,83,Camden,Chris,28-May-63,1963-05-28,2,1963,0,1,CF,1986,1986,2,1,1,0,0,0,0,0,0,0,0,0,2,1,1,Avenue,South Liverpool,0
101,84,Campbell,Johnny,14-Oct-94,1894-10-14,4,1894,0,1,WH,1921,1929,189,0,10,15,0,1,0,0,0,0,0,0,204,0,11,Local,NA,0
101,85,Campbell,Les,26-Jul-35,1935-07-26,3,1935,0,1,W,1961,1963,102,0,9,4,0,0,5,0,0,0,0,0,111,0,9,Blackpool,Wigan Athletic,0
101,86,Campbell,Tommy,20-Feb-35,1935-02-20,1,1935,0,1,CF,1961,1961,1,0,0,0,0,0,0,0,0,0,0,0,1,0,0,Dundee United,NA,0
101,87,Carlson,George,27-Jul-25,1925-07-27,3,1925,0,1,CF,1947,1948,2,0,0,0,0,0,0,0,0,0,0,0,2,0,0,NA,NA,0
101,88,Carmody,Mike,09-Feb-66,1966-02-09,1,1966,0,1,MF,1986,1986,2,0,0,0,0,0,0,0,0,0,0,0,2,0,0,Emley,NA,0
102,1,Carter,Joseph,27-Jul-99,1899-07-27,3,1899,0,1,IR,1936,1936,6,0,1,0,0,0,0,0,0,0,0,0,6,0,1,West Bromwich Albion,Walsall,0
102,2,Cartman,Bert,28-Feb-00,1900-02-28,1,1900,0,1,OL,1923,1929,217,0,32,17,0,1,0,0,0,0,0,0,234,0,33,Manchester United,Chorley,0
102,3,Cartwright,William,11-Jun-22,1922-06-11,2,1922,0,1,CH,1946,1947,9,0,1,0,0,0,0,0,0,0,0,0,9,0,1,Local,NA,0
102,4,Carvell,Arthur,26-May-11,1911-05-26,2,1911,0,1,LB,1932,1932,11,0,0,0,0,0,0,0,0,0,0,0,11,0,0,Planter's FC,NA,0
102,5,Casey,Gerry,25-Aug-41,1941-08-25,3,1941,0,1,HB,1967,1969,49,3,5,3,2,0,7,0,1,0,0,0,59,5,6,Holyhead Town,NA,0
102,6,Cassidy,James,NA,NA,NA,NA,0,1,IL,1937,1938,51,0,9,1,0,0,0,0,0,0,0,0,52,0,9,Manchester City,Dundalk,0
102,7,Chadwick,Harold,25-Jan-19,1919-01-25,1,1919,0,1,OR,1947,1948,9,0,0,0,0,0,0,0,0,0,0,0,9,0,0,Rochdale,Goslings,0
102,8,Challinor,Dave,02-Oct-75,1975-10-02,4,1975,0,1,CD,1996,1996,4,1,0,0,0,0,0,0,0,0,0,0,4,1,0,Bromborough Pool,NA,0
102,9,Chalmers,Billy,03-Apr-01,1901-04-03,2,1901,0,1,OL,1925,1925,23,0,4,2,0,0,0,0,0,0,0,0,25,0,4,Liverpool,NA,0
102,10,Chamberlain,Alec,20-Jun-64,1964-06-20,2,1964,0,1,G,1987,1987,15,0,0,0,0,0,0,0,0,0,0,0,15,0,0,Everton,NA,1
102,11,Charlton,Billy,10-Oct-00,1900-10-10,4,1900,0,1,IL,1925,1929,130,0,72,7,0,2,0,0,0,0,0,0,137,0,74,Cardiff City,Workington,0
102,12,Charlton,Wilf,12-Sep-33,1933-09-12,3,1933,0,1,WH,1957,1960,92,0,4,6,0,0,3,0,0,0,0,0,101,0,4,Southport,Sankeys,0
102,13,Checkland,Frank,31-Jul-95,1895-07-31,3,1895,0,1,HB,1923,1924,17,0,0,1,0,0,0,0,0,0,0,0,18,0,0,Liverpool,NA,0
102,14,Chiverton,Ted,NA,NA,1,1913,0,1,RH,1932,1934,6,0,0,1,0,0,0,0,0,0,0,0,7,0,0,New Brighton,Sheffield Wednesday,0
102,15,Clark,Archie,04-Apr-02,1902-04-04,2,1902,0,1,CH,1935,1938,104,0,1,4,0,0,0,0,0,0,0,0,108,0,1,Everton,Gillingham,0
102,16,Clarke,Colin,30-Oct-62,1962-10-30,4,1962,0,1,CF,1984,1984,45,0,22,2,0,3,2,0,1,4,0,3,53,0,29,Peterborough United,Bournemouth,0
102,17,Clayton,Gordon,03-Nov-36,1936-11-03,4,1936,0,1,G,1959,1960,4,0,0,0,0,0,0,0,0,0,0,0,4,0,0,Manchester United,Sankeys,0
102,18,Clayton,John,20-Aug-61,1961-08-20,3,1961,0,1,F,1984,1985,47,0,35,3,0,2,2,0,2,3,0,1,55,0,40,Chesterfield,Plymouth Argyle,0
102,19,Cliff,Eddie,30-Sep-51,1951-09-30,3,1951,0,1,MF,1976,1978,44,6,4,1,0,0,0,0,0,0,0,0,45,6,4,Chicago Stings,Rochdale,0
102,20,Clinton,Tommy,13-Apr-26,1926-04-13,2,1926,0,1,FB,1956,1956,9,0,0,0,0,0,0,0,0,0,0,0,9,0,0,Blackburn Rovers,NA,0
102,21,Coleman,Tony,02-May-45,1945-05-02,2,1945,0,1,OL,1962,1963,8,0,0,0,0,0,0,0,0,0,0,0,8,0,0,Ellesmere Port Town,Preston North End,0
102,22,Collings,Paul,30-Sep-68,1968-09-30,3,1968,0,1,G,1988,1991,4,0,0,1,0,0,0,0,0,0,0,0,5,0,0,Ellesmere Port Town,Accrington Stanley,0
102,23,Conner,Dick,13-Aug-31,1931-08-13,3,1931,0,1,WH,1961,1961,4,0,0,0,0,0,0,0,0,0,0,0,4,0,0,Southampton,Aldershot,0
102,24,Connor,Bill,NA,NA,NA,NA,0,1,RB,1930,1930,2,0,0,0,0,0,0,0,0,0,0,0,2,0,0,St Johnstone,NA,0
102,25,Connor,John,01-Feb-14,1914-02-01,1,1914,0,1,FB,1947,1948,46,0,3,2,0,0,0,0,0,0,0,0,48,0,3,Bolton Wanderers,NA,0
102,26,Conroy,Bobby,20-Jun-29,1929-06-20,2,1929,0,1,LB,1962,1964,103,0,1,6,0,0,5,0,1,0,0,0,114,0,2,Bury,NA,0
102,27,Cook,Fred,NA,NA,NA,NA,0,1,OR,1921,1922,19,0,0,2,0,2,0,0,0,0,0,0,21,0,2,South Liverpool,NA,0
102,28,Cook,George,NA,NA,NA,1909,1,1,FB,1931,1931,1,0,0,0,0,0,0,0,0,0,0,0,1,0,0,Everton,Carlisle United,0
102,29,Cook,Paul,22-Feb-67,1967-02-22,1,1967,0,1,MF,1995,1995,5,0,0,0,0,0,0,0,0,0,0,0,5,0,0,Coventry City,NA,1
102,30,Cook,Paul,22-Feb-67,1967-02-22,1,1967,0,2,MF,1995,1996,40,6,4,1,0,0,4,0,0,0,0,0,45,6,4,Coventry City,NA,0
102,31,Cooper,Steve,22-Jun-64,1964-06-22,2,1964,0,1,F,1990,1992,19,16,5,3,1,0,0,1,0,3,3,1,25,21,6,Barnsley,York City,0
102,32,Coppell,Steve,09-Jul-55,1955-07-09,3,1955,0,1,OR,1973,1974,35,3,10,4,0,1,3,0,0,0,0,0,42,3,11,Liverpool University,Manchester United,0
102,33,Cox,Alan,04-Sep-20,1920-09-04,3,1920,0,1,IF,1946,1947,8,0,2,0,0,0,0,0,0,0,0,0,8,0,2,Local,NA,0
102,34,Coyne,Danny,27-Aug-73,1973-08-27,3,1973,0,1,G,1992,1996,78,1,0,1,0,0,8,0,0,1,0,0,88,1,0,YTS,NA,0
102,35,Coyne,John,18-Jul-51,1951-07-18,3,1951,0,1,F,1971,1971,12,3,3,0,0,0,0,0,0,0,0,0,12,3,3,Local,Hartlepool United,0
102,36,Coyne,Tommy,14-Nov-62,1962-11-14,4,1962,0,1,F,1992,1992,9,5,1,0,0,0,0,0,0,0,0,0,9,5,1,Glasgow Celtic,Motherwell,0
102,37,Craven,Steve,17-Sep-57,1957-09-17,3,1957,0,1,MF,1977,1981,106,8,18,4,3,1,10,3,1,0,0,0,120,14,20,Local,Crewe Alexandra,0
102,38,Craven,Steve,17-Sep-57,1957-09-17,3,1957,0,2,MF,1987,1987,6,7,0,0,0,0,2,0,0,0,1,0,8,8,0,Caemarfon Town,Caemarfon Town,0
102,39,Crawford,Bruce,10-Oct-38,1938-10-10,4,1938,0,1,WH,1965,1966,24,2,5,1,0,0,2,0,0,0,0,0,27,2,5,Blackpool,Fleetwood,0
102,40,Crewe,Billy,26-Nov-01,1901-11-26,4,1901,0,1,RH,1924,1924,19,0,0,2,0,0,0,0,0,0,0,0,21,0,0,Wolves,Pontypridd,0
102,41,Crompton,Arthur,09-Jan-03,1903-01-09,1,1903,0,1,WH,1935,1935,12,0,2,0,0,0,0,0,0,0,0,0,12,0,2,Crystal Palace,Northwich Victoria,0
102,42,Cropper,Reg,21-Jan-02,1902-01-21,1,1902,0,1,IL,1929,1929,18,0,4,0,0,0,0,0,0,0,0,0,18,0,4,Guildford City,Guildford City,0
102,43,Crossan,Eddie,17-Nov-25,1925-11-17,4,1925,0,1,IF,1957,1957,39,0,6,3,0,0,0,0,0,0,0,0,42,0,6,Blackburn Rovers,Cork Hibernian,0
102,44,Crossley,Paul,14-Jul-48,1948-07-14,3,1948,0,1,F,1969,1975,186,17,37,16,0,6,7,3,2,0,0,0,209,20,45,Preston North End,Chester,0
102,45,Crowther,George,NA,NA,2,1892,0,1,CF,1922,1922,10,0,2,0,0,0,0,0,0,0,0,0,10,0,2,Hartlepools United,NA,0
102,46,Crutchley,Vic,NA,NA,3,1910,0,1,RB,1930,1930,1,0,0,0,0,0,0,0,0,0,0,0,1,0,0,Carlton,NA,0
102,47,Cumbes,Jim,04-May-44,1944-05-04,2,1944,0,1,G,1966,1969,136,0,0,10,0,0,10,0,0,0,0,0,156,0,0,Runcorn,West Bromwich Albion,0
102,48,Cunningham,Charlie,NA,NA,NA,NA,0,1,IL,1921,1921,32,0,6,2,0,0,0,0,0,0,0,0,34,0,6,Stockport County,Ashton National,0
102,49,Curnow,Jack,31-Jan-10,1910-01-31,1,1910,0,1,G,1937,1938,52,0,0,4,0,0,0,0,0,0,0,0,56,0,0,Blackpool,Hull City,0
102,50,Curran,Frank,31-May-17,1917-05-31,2,1917,0,1,IF,1947,1947,17,0,7,0,0,0,0,0,0,0,0,0,17,0,7,Bristol Rovers,Shrewsbury Town,0
102,51,Curtis,Charlie,NA,NA,NA,NA,0,1,WH,1934,1935,21,0,0,4,0,0,0,0,0,0,0,0,25,0,0,Stoke City,Boston Town,0
102,52,D'Arcy,Frank,08-Dec-46,1946-12-08,4,1946,0,1,FB,1972,1972,7,1,1,0,0,0,1,0,0,0,0,0,8,1,1,Everton,NA,0
102,53,Dale,Dickie,21-May-96,1896-05-21,2,1896,0,1,CH,1931,1931,7,0,0,3,0,0,0,0,0,0,0,0,10,0,0,West Bromwich Albion,Crook Town,0
102,54,Dalton,Tim,14-Oct-65,1965-10-14,4,1965,0,1,G,1986,1986,1,0,0,1,0,0,0,0,0,0,0,0,2,0,0,Bradford City,NA,1
102,55,Davies,Dai,01-Apr-48,1948-04-01,2,1948,0,1,G,1983,1983,42,0,0,2,0,0,2,0,0,5,0,0,51,0,0,Swansea City,Bangor City,0
102,56,Davies,Ernie,NA,NA,NA,NA,0,1,RH,1936,1938,44,0,1,1,0,0,0,0,0,0,0,0,45,0,1,Heswall,York City,0
102,57,Davies,Keith,19-Feb-34,1934-02-19,1,1934,0,1,IF,1953,1953,1,0,0,0,0,0,0,0,0,0,0,0,1,0,0,Local,NA,0
102,58,Davies,Ray,03-Oct-31,1931-10-03,4,1931,0,1,IF,1951,1957,120,0,28,16,0,1,0,0,0,0,0,0,136,0,29,Local,NA,0
102,59,Davis,Samuel,25-May-00,1900-05-25,2,1900,0,1,RB,1925,1925,5,0,0,0,0,0,0,0,0,0,0,0,5,0,0,Stoke City,Accrington Stanley,0
102,60,Davis,Thomas,NA,NA,NA,1911,1,1,IR,1937,1937,10,0,6,0,0,0,0,0,0,0,0,0,10,0,6,Oldham Athletic,Cork City,0
102,61,Dawson,Frank,17-Oct-08,1908-10-17,4,1908,0,1,LB,1933,1935,77,0,0,6,0,0,0,0,0,0,0,0,83,0,0,Manchester United,Retired,0
102,62,Day,Alf,02-Oct-07,1907-10-02,4,1907,0,1,RH,1938,1938,32,0,0,1,0,0,0,0,0,0,0,0,33,0,0,Southampton,Swindon Town,0
102,63,Dean,Dixie,22-Jan-07,1907-01-22,1,1907,0,1,CF,1923,1924,30,0,27,3,0,0,0,0,0,0,0,0,33,0,27,Pensby Institute,Everton,0
102,64,Dellow,Ronnie,13-Jul-14,1914-07-13,3,1914,0,1,OR,1935,1938,105,0,29,5,0,2,0,0,0,0,0,0,110,0,31,Manchester City,Carlisle United,0
102,65,Demaine,Dave,07-May-42,1942-05-07,2,1942,0,1,w,1961,1961,2,0,0,0,0,0,0,0,0,0,0,0,2,0,0,Blackpool,Southport,0
102,66,Dempsey,John,02-Apr-51,1951-04-02,2,1951,0,1,FB,1967,1971,52,2,1,6,0,0,5,0,0,0,0,0,63,2,1,Local,NA,0
102,67,Dillon,Vince,02-Oct-23,1923-10-02,4,1923,0,1,CF,1950,1952,34,0,17,1,0,0,0,0,0,0,0,0,35,0,17,Bolton Wanderers,Truro City,0
102,68,Dixon,Ernie,10-Jul-01,1901-07-10,3,1901,0,1,CF,1930,1932,83,0,53,9,0,6,0,0,0,0,0,0,92,0,59,Nelson,NA,0
102,69,Docking,Stan,13-Dec-14,1914-12-13,4,1914,0,1,IL,1938,1938,31,0,7,0,0,0,0,0,0,0,0,0,31,0,7,Newcastle United,Hartlepools United,0
102,70,Dodd,Ernie,01-May-14,1914-05-01,2,1914,0,1,RB,1933,1936,14,0,0,0,0,0,0,0,0,0,0,0,14,0,0,Port Sunlight Gym,South Liverpool,0
102,71,Dodd,Jim,12-Dec-33,1933-12-12,4,1933,0,1,CF,1956,1959,63,0,22,1,0,1,0,0,0,0,0,0,64,0,23,Upton FC,Bangor City,0
102,72,Done,Cyril,21-Oct-20,1920-10-21,4,1920,0,1,CF,1952,1954,87,0,61,10,0,14,0,0,0,0,0,0,97,0,75,Liverpool,Port Vale,0
102,73,Doonan,Tom,05-Oct-22,1922-10-05,4,1922,0,1,CF,1950,1950,4,0,2,0,0,0,0,0,0,0,0,0,4,0,2,Bradford City,Bangor City,0
102,74,Duff,Stanley,NA,NA,1,1919,0,1,OL,1937,1937,7,0,2,1,0,1,0,0,0,0,0,0,8,0,3,Leicester City,Waterford,0
102,75,Duffy,Alan,20-Dec-49,1949-12-20,4,1949,0,1,IF,1971,1972,29,4,2,0,0,0,0,0,0,0,0,0,29,4,2,Brighton & Hove Albion,Darlington,0
102,76,Dyson,Barry,06-Sep-42,1942-09-06,3,1942,0,1,IF,1962,1966,174,0,100,2,0,0,7,0,6,0,0,0,183,0,106,Bury,Crystal Palace,0
102,77,Eastham,Harry,30-Jun-17,1917-06-30,2,1917,0,1,IL,1948,1952,154,0,12,5,0,0,0,0,0,0,0,0,159,0,12,Liverpool,Accrington Stanley,0
102,78,Eaton,Steve,25-Dec-59,1959-12-25,4,1959,0,1,D,1978,1978,1,0,0,0,0,0,0,0,0,0,0,0,1,0,0,Local,Telford United,0
102,79,Eden,Billy,01-Jul-05,1905-07-01,3,1905,0,1,OL,1934,1938,139,0,30,7,0,1,0,0,0,0,0,0,146,0,31,Darlington,New Brighton,0
102,80,Edwards,Elfyn,04-May-60,1960-05-04,2,1960,0,1,CH,1979,1980,62,0,1,4,0,0,8,0,1,0,0,0,74,0,2,Wrexham,Runcorn,0
102,81,Edwards,Malcolm,25-Oct-39,1939-10-25,4,1939,0,1,LH,1962,1963,34,0,2,0,0,0,2,0,0,0,0,0,36,0,2,Chester,Barrow,0
102,82,Edwards,Mike,10-Sep-74,1974-09-10,3,1974,0,1,MF,1994,1994,2,1,0,0,0,0,0,2,0,3,0,0,5,3,0,YTS,NA,0
102,83,Edwards,Steve,11-Jan-58,1958-01-11,1,1958,0,1,D,1984,1986,70,0,6,5,0,1,2,0,0,6,0,0,83,0,7,Rochdale,Oswestry,0
102,84,Edwards,William,NA,NA,NA,NA,0,1,RH,1936,1936,1,0,0,0,0,0,0,0,0,0,0,0,1,0,0,Colwyn Bay United,Everton,0
102,85,Eglington,Tommy,15-Jan-23,1923-01-15,1,1923,0,1,OL,1957,1960,171,0,36,8,0,3,2,0,1,0,0,0,181,0,40,Everton,Cork Hibernian,0
102,86,Ellison,Norman,02-Nov-29,1929-11-02,4,1929,0,1,OR,1949,1950,2,0,0,0,0,0,0,0,0,0,0,0,2,0,0,NA,NA,0
102,87,Endersby,Scott,20-Feb-62,1962-02-20,1,1962,0,1,G,1981,1982,79,0,0,6,0,0,9,0,0,0,0,0,94,0,0,Ipswich Town,Swindon Town,0
102,88,Evans,Bernard,04-Jan-37,1937-01-04,1,1937,0,1,CF,1963,1963,12,0,5,1,0,0,0,0,0,0,0,0,13,0,5,Oxford United,Crewe Alexandra,0
103,1,Evans,Clive,01-May-57,1957-05-01,2,1957,0,1,MF,1976,1980,175,3,26,10,0,3,12,0,1,0,0,0,197,3,30,Local,Wigan Athletic,0
103,2,Evans,Dennis,23-Jul-35,1935-07-23,3,1935,0,1,FB,1958,1959,3,0,0,0,0,0,0,0,0,0,0,0,3,0,0,Wrexham,NA,0
103,3,Evans,Herbie,30-Aug-94,1894-08-30,3,1894,0,1,HB,1926,1927,44,0,0,2,0,0,0,0,0,0,0,0,46,0,0,Cardiff City,NA,0
103,4,Evans,Jabez,29-Apr-95,1895-04-29,2,1895,0,1,OL,1922,1924,46,0,5,2,0,0,0,0,0,0,0,0,48,0,5,Buckley Town,Mold,0
103,5,Fagan,Kit,05-Jun-50,1950-06-05,2,1950,0,1,WH,1971,1974,77,7,2,7,2,0,3,1,0,0,0,0,87,10,2,Liverpool,Bangor City,0
103,6,Fairclough,David,05-Jan-57,1957-01-05,1,1957,0,1,F,1989,1989,3,12,1,0,0,0,0,3,0,0,1,0,3,16,1,Beveren/Belgium,Wigan Athletic,0
103,7,Fairclough,Peter,NA,NA,NA,NA,0,1,LH,1921,1921,8,0,0,0,0,0,0,0,0,0,0,0,8,0,0,Manchester City,NA,0
103,8,Fairhurst,Dick,05-Sep-11,1911-09-05,3,1911,0,1,RB,1935,1936,30,0,0,5,0,0,0,0,0,0,0,0,35,0,0,Hartlepools United,NA,0
103,9,Farnworth,Simon,28-Oct-63,1963-10-28,4,1963,0,1,G,1986,1986,7,0,0,0,0,0,0,0,0,0,0,0,7,0,0,Bolton Wanderers,NA,1
103,10,Farrell,Peter,16-Aug-22,1922-08-16,3,1922,0,1,WH,1957,1959,114,0,1,6,0,0,0,0,0,0,0,0,120,0,1,Everton,Holyhead Town,0
103,11,Farrimond,Syd,17-Jul-40,1940-07-17,3,1940,0,1,LB,1970,1973,132,2,0,11,0,0,8,0,0,0,0,0,151,2,0,Bolton Wanderers,Halifax Town,0
103,12,Ferguson,Mark,06-Nov-60,1960-11-06,4,1960,0,1,F,1981,1984,72,16,13,4,0,0,4,1,0,2,1,0,82,18,13,Local,Scarborough,0
103,13,Finlay,Pat,18-Mar-38,1938-03-18,1,1938,0,1,LB,1961,1961,3,0,0,0,0,0,0,0,0,0,0,0,3,0,0,Local,NA,0
103,14,Finney,Ken,10-Mar-29,1929-03-10,1,1929,0,1,OR,1957,1962,180,0,27,10,0,1,5,0,0,0,0,0,195,0,28,Stockport County,Altrincham,0
103,15,Fishwick,Bert,NA,NA,1,1899,0,1,IL,1930,1933,83,0,9,9,0,0,0,0,0,0,0,0,92,0,9,Port Vale,Chorley,0
103,16,Flanagan,Jack,NA,NA,1,1902,0,1,CF,1926,1928,64,0,42,3,0,1,0,0,0,0,0,0,67,0,43,Manchester United,Chorley,0
103,17,Fleming,Mike,23-Feb-28,1928-02-23,1,1928,0,1,IF,1953,1957,115,0,8,7,0,0,0,0,0,0,0,0,122,0,8,Rochdale,Buxton,0
103,18,Flood,Eddie,19-Nov-52,1952-11-19,4,1952,0,1,FB,1972,1980,313,2,6,17,0,1,18,0,0,0,0,0,348,2,7,Liverpool,York City,0
103,19,Flowers,George,07-May-07,1907-05-07,2,1907,0,1,LH,1937,1938,40,0,1,3,0,0,0,0,0,0,0,0,43,0,1,Bradford Park Avenue,Rochdale,0
103,20,Fogg,Billy,09-Mar-03,1903-03-09,1,1903,0,1,IR,1924,1925,22,0,6,0,0,0,0,0,0,0,0,0,22,0,6,Wirral Railway,Bangor City,0
103,21,Ford,John,NA,NA,NA,NA,0,1,IR,1921,1921,15,0,4,0,0,0,0,0,0,0,0,0,15,0,4,Liverpool,NA,0
103,22,Forshaw,Allen,NA,NA,NA,NA,0,1,RB,1921,1921,1,0,0,0,0,0,0,0,0,0,0,0,1,0,0,South Liverpool,South Liverpool,0
103,23,Forshaw,Arthur,NA,NA,3,1913,0,1,OR,1932,1932,1,0,0,0,0,0,0,0,0,0,0,0,1,0,0,Local,NA,0
103,24,Foster,William,NA,NA,NA,NA,0,1,CF,1936,1936,1,0,0,0,0,0,0,0,0,0,0,0,1,0,0,St James Old Boys,NA,0
103,25,Fraser,Nathan,16-Apr-13,1913-04-16,2,1913,0,1,CF,1938,1938,1,0,0,0,0,0,0,0,0,0,0,0,1,0,0,Dumbarton,NA,0
103,26,Frith,David,17-Mar-29,1929-03-17,1,1929,0,1,FB,1958,1962,177,0,0,7,0,0,4,0,0,0,0,0,188,0,0,Blackpool,Fleetwood,0
103,27,Frost,Winston,NA,NA,2,1911,0,1,G,1936,1936,1,0,0,0,0,0,0,0,0,0,0,0,1,0,0,NA,NA,0
103,28,Frye,John,27-Jul-33,1933-07-27,3,1933,0,1,IF,1961,1961,21,0,6,1,0,1,0,0,0,0,0,0,22,0,7,Sheffield Wednesday,NA,0
103,29,Fulton,David,16-Oct-95,1895-10-16,4,1895,0,1,CF,1921,1921,8,0,3,0,0,0,0,0,0,0,0,0,8,0,3,Clydebank,NA,0
103,30,Garnett,Shaun,22-Nov-69,1969-11-22,4,1969,0,1,CD,1987,1995,115,3,5,4,0,0,13,0,1,10,1,0,142,4,6,YTS,Swansea City,0
103,31,Gaskell,Alec,30-Jul-32,1932-07-30,3,1932,0,1,CF,1957,1957,6,0,6,0,0,0,0,0,0,0,0,0,6,0,6,Mansfield Town,NA,0
103,32,Gibson,William,17-Sep-26,1926-09-17,3,1926,0,1,FB,1951,1953,72,0,1,10,0,0,0,0,0,0,0,0,82,0,1,Brentford,NA,0
103,33,Gill,Francis,NA,NA,1,1897,0,1,G,1922,1922,17,0,0,1,0,0,0,0,0,0,0,0,18,0,0,Blackburn Rovers,NA,0
103,34,Gill,Frank,05-Dec-48,1948-12-05,4,1948,0,1,w,1968,1970,69,4,8,5,0,1,7,0,0,0,0,0,81,4,9,Manchester United,Winsford United,0
103,35,Glasper,William,NA,NA,4,1910,0,1,RH,1933,1934,18,0,1,0,0,0,0,0,0,0,0,0,18,0,1,Sheffield Wednesday,Darlington,0
103,36,Glennon,Chris,29-Oct-49,1949-10-29,4,1949,0,1,F,1970,1970,2,0,0,0,0,0,0,0,0,0,0,0,2,0,0,Manchester City,NA,1
103,37,Godwin,Verdi,11-Feb-26,1926-02-11,1,1926,0,1,CF,1956,1956,14,0,2,0,0,0,0,0,0,0,0,0,14,0,2,Barrow,King's Lynn,0
103,38,Good,John,29-Jan-33,1933-01-29,1,1933,0,1,OR,1955,1955,5,0,0,0,0,0,0,0,0,0,0,0,5,0,0,Buxton,NA,0
103,39,Goodlass,Ronnie,06-Sep-53,1953-09-06,3,1953,0,1,OL,1983,1984,19,2,0,0,0,0,0,0,0,4,0,1,23,2,1,Hong Kong,NA,0
103,40,Gorton,Andy,23-Sep-66,1966-09-23,3,1966,0,1,G,1987,1987,1,0,0,0,0,0,0,0,0,0,0,0,1,0,0,Oldham Athletic,NA,1
103,41,Gould,Harry,05-Jan-25,1925-01-05,1,1925,0,1,IF,1946,1948,5,0,2,1,0,1,0,0,0,0,0,0,6,0,3,Local,Northwich Victoria,0
103,42,Graham,Bobby,22-Nov-44,1944-11-22,4,1944,0,1,F,1972,1972,10,0,3,0,0,0,0,0,0,0,0,0,10,0,3,Coventry City,NA,1
103,43,Grainger,John,NA,NA,NA,1896,1,1,RB,1921,1921,1,0,0,0,0,0,0,0,0,0,0,0,1,0,0,Crystal Palace,NA,0
103,44,Gray,Albert,23-Sep-00,1900-09-23,3,1900,0,1,G,1931,1935,192,0,0,21,0,0,0,0,0,0,0,0,213,0,0,Manchester City,Chester,0
103,45,Gray,Matthew,18-Apr-07,1907-04-18,2,1907,0,1,LH,1927,1927,1,0,0,0,0,0,0,0,0,0,0,0,1,0,0,Hindley Green,Atherton,0
103,46,Gray,Robert,07-Oct-03,1903-10-07,4,1903,0,1,LH,1927,1928,3,0,1,0,0,0,0,0,0,0,0,0,3,0,1,Huddersfield Town,Northwich Victoria,0
103,47,Green,Johnny,22-May-39,1939-05-22,2,1939,0,1,IF,1958,1958,17,0,5,2,0,1,0,0,0,0,0,0,19,0,6,Stockton Heath,Blackpool,0
103,48,Greenwood,Roy,26-Sep-52,1952-09-26,3,1952,0,1,F,1983,1983,3,0,0,0,0,0,0,0,0,0,0,0,3,0,0,Huddersfield Town,NA,1
103,49,Grierson,Darrell,30-Oct-68,1968-10-30,4,1968,0,1,G,1986,1986,4,0,0,1,0,0,0,0,0,2,0,0,7,0,0,Juniors,NA,0
103,50,Griffiths,Clive,22-Jan-55,1955-01-22,1,1955,0,1,CD,1975,1976,59,0,0,2,0,0,0,0,0,0,0,0,61,0,0,Manchester United,Chicago Stings,0
103,51,Griffiths,David,25-May-51,1951-05-25,2,1951,0,1,FB,1969,1969,6,0,0,0,0,0,0,0,0,0,0,0,6,0,0,Local,NA,0
103,52,Griffiths,Ian,17-Apr-60,1960-04-17,2,1960,0,1,OL,1978,1982,110,6,5,9,0,1,10,0,0,0,0,0,129,6,6,Local,Rochdale,0
103,53,Griffiths,James,NA,NA,NA,1918,1,1,OL,1936,1938,16,0,1,0,0,0,0,0,0,0,0,0,16,0,1,Chester,NA,0
103,54,Griffiths,Joe,NA,NA,NA,1892,1,1,OL,1924,1924,8,0,0,0,0,0,0,0,0,0,0,0,8,0,0,Stockport County,NA,0
103,55,Groves,Fred,06-May-92,1892-05-06,2,1892,0,1,IR,1921,1921,12,0,7,0,0,0,0,0,0,0,0,0,12,0,7,Pontypridd,Stoke City,0
103,56,Gubbins,Ralph,31-Jan-32,1932-01-31,1,1932,0,1,IF,1960,1963,107,0,36,4,0,0,4,0,1,0,0,0,115,0,37,Hull City,Wigan Athletic,0
103,57,Gwatkin,Phil,05-Aug-29,1929-08-05,3,1929,0,1,OR,1956,1956,21,0,6,1,0,0,0,0,0,0,0,0,22,0,6,Wrexham,Northwich Victoria,0
103,58,Hagan,Alf,11-Nov-93,1893-11-11,4,1893,0,1,IF,1926,1926,12,0,0,0,0,0,0,0,0,0,0,0,12,0,0,Cardiff City,Minor/NE,0
103,59,Hall,Tony,17-Jan-69,1969-01-17,1,1969,0,1,D,1987,1987,0,1,0,0,0,0,0,0,0,0,0,0,0,1,0,Billingham Town,Hartlepool United,0
103,60,Halstead,Fred,NA,NA,4,1896,0,1,CH,1922,1924,81,0,2,8,0,0,0,0,0,0,0,0,89,0,2,Hartlepools United,Folkestone Town,0
103,61,Hamilton,Bryan,21-Dec-46,1946-12-21,4,1946,0,1,MF,1980,1984,95,14,6,10,1,0,8,0,0,1,0,0,114,15,6,Swindon Town,Wigan Athletic,0
103,62,Hamilton,Duke,27-Mar-06,1906-03-27,1,1906,0,1,RB,1937,1938,47,0,1,2,0,0,0,0,0,0,0,0,49,0,1,Chesterfield,Accrington Stanley,0
103,63,Harlock,Des,20-Dec-22,1922-12-20,4,1922,0,1,OR,1946,1953,150,0,17,7,0,1,0,0,0,0,0,0,157,0,18,Liverpool,Stafford Rangers,0
103,64,Harris,Albert,21-Nov-31,1931-11-21,4,1931,0,1,G,1957,1959,33,0,0,2,0,0,0,0,0,0,0,0,35,0,0,Everton,Southport,0
103,65,Harris,Jimmy,18-Aug-33,1933-08-18,3,1933,0,1,CF,1966,1966,0,0,0,0,0,0,0,1,0,0,0,0,0,1,0,Oldham Athletic,NA,0
103,66,Harrop,Bobby,25-Aug-36,1936-08-25,3,1936,0,1,WH,1959,1960,41,0,2,3,0,0,2,0,0,0,0,0,46,0,2,Manchester United,Ramsgate,0
103,67,Harvey,Jimmy,02-May-58,1958-05-02,2,1958,0,1,MF,1987,1991,178,11,18,11,2,0,14,1,0,18,4,1,221,18,19,Bristol City,Crewe Alexandra,0
103,68,Hawarden,Andrew,30-Jun-95,1895-06-30,2,1895,0,1,LH,1922,1923,21,0,0,0,0,0,0,0,0,0,0,0,21,0,0,Southend United,NA,0
103,69,Hay,Alan,28-Nov-58,1958-11-28,4,1958,0,1,LB,1986,1986,27,1,0,1,1,0,0,0,0,2,0,0,30,2,0,York City,Hill Of Beath,0
103,70,Hayes,Charlie,07-Dec-93,1893-12-07,4,1893,0,1,RB,1921,1923,24,0,0,2,0,0,0,0,0,0,0,0,26,0,0,Buckley Town,Mold,0
103,71,Hayes,Fred,NA,NA,NA,NA,0,1,IL,1922,1923,11,0,1,0,0,0,0,0,0,0,0,0,11,0,1,Port Vale,NA,0
103,72,Hayes,John,NA,NA,NA,NA,0,1,IF,1923,1923,3,0,0,0,0,0,0,0,0,0,0,0,3,0,0,Liverpool Badgers,NA,0
103,73,Heap,Stuart,07-Feb-65,1965-02-07,1,1965,0,1,F,1984,1984,0,3,0,0,0,0,0,0,0,0,0,0,0,3,0,Clitheroe,NA,0
103,74,Heath,John,05-Jun-36,1936-06-05,2,1936,0,1,G,1961,1963,58,0,0,1,0,0,3,0,0,0,0,0,62,0,0,Bury,Rochdale,0
103,75,Heath,Seamus,06-Dec-61,1961-12-06,4,1961,0,1,M,1984,1984,6,11,0,1,1,0,1,1,0,1,3,0,9,16,0,Wrexham,BK46/Finland,0
103,76,Henshaw,Ernie,28-Nov-10,1910-11-28,4,1910,0,1,CF,1931,1931,1,0,0,0,0,0,0,0,0,0,0,0,1,0,0,Burton FC,NA,0
103,77,Heslop,Tom,NA,NA,NA,NA,0,1,LH,1921,1921,8,0,0,0,0,0,0,0,0,0,0,0,8,0,0,Accrington Stanley,NA,0
103,78,Heydon,Jackie,19-Oct-28,1928-10-19,4,1928,0,1,RH,1956,1960,76,0,1,2,0,0,0,0,0,0,0,0,78,0,1,Millwall,NA,0
103,79,Heywood,Bert,NA,NA,3,1913,0,1,OR,1934,1934,9,0,1,0,0,0,0,0,0,0,0,0,9,0,1,Manchester United,Altrincham,0
103,80,Hickson,Dave,30-Oct-29,1929-10-30,4,1929,0,1,CF,1962,1963,45,0,21,4,0,4,3,0,0,0,0,0,52,0,25,Bury,Ellesmere Port Town,0
103,81,Higgins,Dave,19-Aug-61,1961-08-19,3,1961,0,1,CD,1983,1984,27,1,0,2,0,0,0,0,0,5,0,0,34,1,0,Eagle,South Liverpool,0
103,82,Higgins,Dave,19-Aug-61,1961-08-19,3,1961,0,2,CD,1987,1996,322,4,12,18,0,0,28,0,0,27,0,0,395,4,12,Caemarfon Town,NA,0
103,83,Hilditch,Mark,20-Aug-60,1960-08-20,3,1960,0,1,CF,1983,1985,47,2,12,0,0,0,2,0,0,7,1,5,56,3,17,Rochdale,Altrincham,0
103,84,Hill,Alan,01-Jul-33,1933-07-01,3,1933,0,1,OL,1956,1956,6,0,1,0,0,0,0,0,0,0,0,0,6,0,1,Bebington,NA,0
103,85,Hill,Mandy,15-Feb-40,1940-02-15,1,1940,0,1,OR,1964,1967,130,1,10,7,0,0,4,0,0,0,0,0,141,1,10,Blackpool,NA,0
103,86,Hill,Reginald,NA,NA,NA,1907,1,1,CH,1932,1932,1,0,0,0,0,0,0,0,0,0,0,0,1,0,0,Lancaster Town,Hartlepools United,0
103,87,Hilton,Harold,13-Nov-89,1889-11-13,4,1889,0,1,IR,1921,1923,52,0,4,1,0,1,0,0,0,0,0,0,53,0,5,Bolton Wanderers,NA,0
103,88,Hinch,Jimmy,08-Nov-47,1947-11-08,4,1947,0,1,CF,1969,1970,36,3,10,3,0,0,4,0,2,0,0,0,43,3,12,Portmadoc,Plymouth Argyle,0
104,1,Hodgson,Laurie,19-Jan-17,1917-01-19,1,1917,0,1,FB,1946,1950,78,0,0,2,0,0,0,0,0,0,0,0,80,0,0,Sheffield United,NA,0
104,2,Holder,Alan,10-Dec-31,1931-12-10,4,1931,0,1,F,1956,1956,13,0,1,0,0,0,0,0,0,0,0,0,13,0,1,Lincoln City,Headington United,0
104,3,Hollifield,Mike,02-May-61,1961-05-02,2,1961,0,1,FB,1985,1985,0,1,0,0,0,0,0,0,0,0,0,0,0,1,0,Hull City,NA,0
104,4,Hood,Jackie,08-Jan-38,1938-01-08,1,1938,0,1,IF,1959,1959,3,0,2,0,0,0,0,0,0,0,0,0,3,0,2,Everton,NA,0
104,5,Hopkinson,Samuel,09-Feb-02,1902-02-09,1,1902,0,1,LH,1935,1935,10,0,0,0,0,0,0,0,0,0,0,0,10,0,0,Manchester United,NA,0
104,6,Hornby,Eric,31-Mar-23,1923-03-31,1,1923,0,1,FB,1945,1948,32,0,0,5,0,0,0,0,0,0,0,0,37,0,0,Local,Crewe Alexandra,0
104,7,Horwood,Neil,04-Aug-64,1964-08-04,3,1964,0,1,CF,1986,1986,4,0,1,0,0,0,0,0,0,0,0,0,4,0,1,Grimsby Town,NA,1
104,8,Hudson,George,14-Mar-37,1937-03-14,1,1937,0,1,CF,1966,1968,54,1,18,6,0,4,3,0,0,0,0,0,63,1,22,Northampton Town,NA,0
104,9,Hughes,David,27-Apr-43,1943-04-27,2,1943,0,1,W,1962,1962,2,0,0,0,0,0,0,0,0,0,0,0,2,0,0,Wrexham,Ellesmere Port Town,0
104,10,Hughes,Mark,03-Feb-62,1962-02-03,1,1962,0,1,CD,1985,1993,264,8,9,11,3,0,27,0,2,30,1,1,332,12,12,Bristol City,Shrewsbury Town,0
104,11,Hughes,Thomas,NA,NA,NA,NA,0,1,OL,1921,1921,3,0,0,0,0,0,0,0,0,0,0,0,3,0,0,Aberdare Athletic,NA,0
104,12,Hunt,Robert,NA,NA,NA,NA,0,1,OR,1933,1933,8,0,2,1,0,0,0,0,0,0,0,0,9,0,2,Bolton Juniors,NA,0
104,13,Hutchinson,Bobby,19-Jun-53,1953-06-19,2,1953,0,1,MF,1981,1982,32,3,6,2,0,0,7,0,3,0,0,0,41,3,9,Wigan Athletic,Mansfield Town,0
104,14,Hutchinson,Bobby,19-Jun-53,1953-06-19,2,1953,0,2,MF,1983,1983,21,0,4,0,0,0,0,0,0,5,0,2,26,0,6,Mansfield Town,Bristol City,0
104,15,Hyam,James,NA,NA,NA,NA,0,1,CF,1921,1921,1,0,0,0,0,0,0,0,0,0,0,0,1,0,0,Aberdare Athletic,Clevedon Glos,0
104,16,Iceton,Lloyd,30-Mar-20,1920-03-30,1,1920,0,1,OL,1950,1954,140,0,18,13,0,4,0,0,0,0,0,0,153,0,22,Carlisle United,NA,0
104,17,Imlach,Mike,19-Sep-62,1962-09-19,3,1962,0,1,D,1984,1984,4,0,0,0,0,0,1,0,0,0,0,0,5,0,0,Peterborough United,NA,0
104,18,Irons,Kenny,04-Nov-70,1970-11-04,4,1970,0,1,MF,1989,1996,243,30,36,11,2,3,18,4,4,19,3,2,291,39,45,YTS,NA,0
104,19,Jack,Andrew,30-Jun-23,1923-06-30,2,1923,0,1,CF,1948,1948,3,0,3,0,0,0,0,0,0,0,0,0,3,0,3,Wishaw Juniors,NA,0
104,20,Jackson,Archie,25-Jan-01,1901-01-25,1,1901,0,1,CH,1928,1929,37,0,0,4,0,0,0,0,0,0,0,0,41,0,0,Chester,Accrington Stanley,0
104,21,Jackson,David,23-Jan-37,1937-01-23,1,1937,0,1,IF,1961,1962,38,0,5,0,0,0,1,0,0,0,0,0,39,0,5,Bradford City,Halifax Town,0
104,22,Jackson,George,17-Jun-93,1893-06-17,2,1893,0,1,FB,1923,1929,104,0,0,10,0,0,0,0,0,0,0,0,114,0,0,Merthyr Town,South Liverpool,0
104,23,Jackson,Jimmy,14-Apr-96,1896-04-14,2,1896,0,1,IF,1924,1924,6,0,1,0,0,0,0,0,0,0,0,0,6,0,1,Lancaster Town,Northwich Victoria,0
104,24,Jackson,Peter,23-Jan-37,1937-01-23,1,1937,0,1,CH,1961,1964,81,0,3,4,0,0,0,0,0,0,0,0,85,0,3,Bradford City,NA,0
104,25,Jackson,William,NA,NA,NA,NA,0,1,FB,1936,1936,7,0,0,0,0,0,0,0,0,0,0,0,7,0,0,Witton Albion,Stockport County,0
104,26,Jackson,Wiliam,08-Dec-24,1924-12-08,4,1924,0,1,HB,1951,1953,14,0,1,0,0,0,0,0,0,0,0,0,14,0,1,Swindon Town,NA,0
104,27,James,John,24-Oct-48,1948-10-24,4,1948,0,1,F,1975,1977,59,14,24,2,1,1,2,1,3,0,0,0,63,16,28,Chester,NA,0
104,28,Jeffes,Albert,01-Oct-97,1897-10-01,4,1897,0,1,HB,1924,1924,15,0,0,1,0,0,0,0,0,0,0,0,16,0,0,Barnsley,Bangor City,0
104,29,Johnson,Brian,29-Oct-48,1948-10-29,4,1948,0,1,HB,1968,1968,0,1,0,0,0,0,0,0,0,0,0,0,0,1,0,Local,NA,0
104,30,Johnson,David,17-Apr-51,1951-04-17,2,1951,0,1,G,1974,1974,3,0,0,0,0,0,0,0,0,0,0,0,3,0,0,Atherstone Town,Southport,0
104,31,Johnson,Dickie,20-Feb-53,1953-02-20,1,1953,0,1,G,1971,1981,355,0,0,17,0,0,25,0,0,0,0,0,397,0,0,Local,Altrincham,0
104,32,Johnson,John,NA,NA,4,1906,0,1,HB,1925,1925,2,0,0,0,0,0,0,0,0,0,0,0,2,0,0,Sunderland,Blyth Spartans,0
104,33,Johnstone,Robert,13-Sep-18,1918-09-13,3,1918,0,1,FB,1946,1947,40,0,0,2,0,0,0,0,0,0,0,0,42,0,0,Raith Rovers,NA,0
104,34,Jolley,Charlie,03-Mar-36,1936-03-03,1,1936,0,1,CF,1953,1954,6,0,2,0,0,0,0,0,0,0,0,0,6,0,2,Liverpool,Chester,0
104,35,Jones,Benny,23-Mar-20,1920-03-23,1,1920,0,1,W,1945,1947,54,0,19,5,0,0,0,0,0,0,0,0,59,0,19,Ellesmere Port Town,Chelsea,0
104,36,Jones,Derek,24-Apr-29,1929-04-24,2,1929,0,1,FB,1953,1960,155,0,19,8,0,0,2,0,0,0,0,0,165,0,19,Ellesmere Port Town,Runcorn,0
104,37,Jones,Gary,10-May-75,1975-05-10,2,1975,0,1,CF,1993,1996,38,41,12,2,1,0,4,2,2,1,0,0,45,44,14,YTS,NA,0
104,38,Jones,Gwyn,NA,NA,1,1912,0,1,LB,1938,1938,16,0,0,1,0,0,0,0,0,0,0,0,17,0,0,Stockport County,Walsall,0
104,39,Jones,Lee,29-May-73,1973-05-29,2,1973,0,1,F,1996,1996,8,0,5,0,0,0,0,0,0,0,0,0,8,0,5,Liverpool,NA,1
104,40,Jones,Les,09-Nov-40,1940-11-09,4,1940,0,1,IR,1962,1964,68,0,29,6,0,2,2,0,0,0,0,0,76,0,31,Bolton Wanderers,Chester,0
104,41,Jones,Martin,27-Mar-75,1975-03-27,1,1975,0,1,G,1993,1993,0,1,0,0,0,0,0,0,0,0,0,0,0,1,0,YTS,NA,0
104,42,Jones,Ossie,15-Ju1-09,1909-01-15,1,1909,0,1,IR,1936,1937,54,0,12,1,0,0,0,0,0,0,0,0,55,0,12,Macclesfield,Watford,0
104,43,Jones,Robert,NA,NA,NA,1911,1,1,LB,1932,1932,2,0,0,0,0,0,0,0,0,0,0,0,2,0,0,Huddersfield Town,NA,0
104,44,Jones,Tommy,06-Dec-09,1909-12-06,4,1909,0,1,OR,1926,1928,90,0,28,2,0,0,0,0,0,0,0,0,92,0,28,Mid-Rhondda,Sheffield Wednesday,0
104,45,Joy,Brian,26-Feb-51,1951-02-26,1,1951,0,1,FB,1970,1970,21,0,1,3,0,0,4,0,0,0,0,0,28,0,1,Torquay United,Doncaster Rovers,0
104,46,Kearney,Sidney,28-Mar-17,1917-03-28,1,1917,0,1,IL,1937,1938,9,0,2,0,0,0,0,0,0,0,0,0,9,0,2,Leicester City,Accrington Stanley,0
104,47,Kearns,Jack,NA,NA,NA,1915,1,1,RB,1938,1938,21,0,1,1,0,0,0,0,0,0,0,0,22,0,1,Wolves,NA,0
104,48,Kelly,Charles,14-Jun-94,1894-06-14,2,1894,0,1,IR,1927,1927,1,0,0,0,0,0,0,0,0,0,0,0,1,0,0,Stoke City,NA,0
104,49,Kelly,John,20-Oct-60,1960-10-20,4,1960,0,1,IF,1979,1981,55,9,9,1,0,0,7,0,2,0,0,0,63,9,11,Cammell Laird,Preston North End,0
104,50,Kelly,Noel,28-Dec-21,1921-12-28,4,1921,0,1,IF,1955,1956,52,0,7,2,0,0,0,0,0,0,0,0,54,0,7,Nottingham Forest,Ellesmere Port Town,0
104,51,Kelly,Robert,21-Dec-64,1964-12-21,4,1964,0,1,MF,1984,1984,5,0,2,0,0,0,0,0,0,0,0,0,5,0,2,Leicester City,NA,1
104,52,Kennedy,Andy,01-Sep-95,1895-09-01,3,1895,0,1,LB,1930,1930,36,0,0,2,0,0,0,0,0,0,0,0,38,0,0,Everton,NA,0
104,53,Kennedy,David,14-Feb-49,1949-02-14,1,1949,0,1,OR,1967,1969,16,1,0,1,1,0,0,0,0,0,0,0,17,2,0,Local,Chester,0
104,54,Kennedy,Jack,NA,NA,NA,NA,0,1,IL,1930,1931,65,0,45,2,0,0,0,0,0,0,0,0,67,0,45,Sheffield United,Exeter City,0
104,55,Kenny,Billy,23-Oct-51,1951-10-23,4,1951,0,1,MF,1974,1976,36,18,5,0,2,0,4,0,0,0,0,0,40,20,5,Everton,NA,0
104,56,Kenworthy,Jon,18-Aug-74,1974-08-18,3,1974,0,1,OR,1993,1995,14,12,2,0,0,0,3,0,0,1,2,0,18,14,2,YTS,NA,0
104,57,Kerr,John,23-Nov-59,1959-11-23,4,1959,0,1,CF,1978,1982,145,9,38,6,2,1,14,2,4,0,0,0,165,13,43,Local,Bristol City,0
104,58,Kidd,Jackie,15-Jan-36,1936-01-15,1,1936,0,1,F,1955,1958,34,0,4,0,0,0,0,0,0,0,0,0,34,0,4,Everton,NA,0
104,59,Kieran,Len,25-Jul-26,1926-07-25,3,1926,0,1,LH,1947,1956,342,0,6,17,0,0,0,0,0,0,0,0,359,0,6,Local,Macclesfield,0
104,60,Kimberley,John,NA,NA,2,1899,0,1,CF,1922,1922,2,0,0,0,0,0,0,0,0,0,0,0,2,0,0,Port Sunlight,NA,0
104,61,King,Alan,18-Jan-45,1945-01-18,1,1945,0,1,LH,1962,1971,341,0,35,23,0,2,21,0,1,0,0,0,385,0,38,Local,Ellesmere Port Town,0
104,62,King,Herbert,NA,NA,1,1911,0,1,IF,1937,1937,11,0,4,3,0,0,0,0,0,0,0,0,14,0,4,Waterford,Barrow,0
104,63,King,Johnny,15-Apr-38,1938-04-15,2,1938,0,1,WH,1960,1967,240,2,4,13,0,1,9,0,0,0,0,0,262,2,5,Bournemouth,Port Vale,0
104,64,Kinsella,Pat,08-Nov-43,1943-11-08,4,1943,0,1,F,1966,1966,1,0,0,0,0,0,1,0,0,0,0,0,2,0,0,Bangor City,Wrexham,0
104,65,Kitching,Harry,NA,NA,3,1905,0,1,IF,1931,1931,5,0,0,0,0,0,0,0,0,0,0,0,5,0,0,Lincoln City,New Brighton,0
104,66,Knapp,Tony,13-Oct-36,1936-10-13,4,1936,0,1,CH,1969,1970,36,0,1,3,0,0,3,0,0,0,0,0,42,0,1,Los Angeles/USA,Poole Town,0
104,67,Lamb,Harry,03-Jun-25,1925-06-03,2,1925,0,1,F,1945,1952,88,0,12,3,0,0,0,0,0,0,0,0,91,0,12,Everton,NA,0
104,68,Lamont,Bill,25-Dec-26,1926-12-25,4,1926,0,1,FB,1951,1955,143,0,3,11,0,0,0,0,0,0,0,0,154,0,3,New Brighton,Cowdenbeath,0
104,69,Lancaster,Des,16-Jul-37,1937-07-16,3,1937,0,1,OL,1959,1959,1,0,0,0,0,0,0,0,0,0,0,0,1,0,0,Darlington,NA,0
104,70,Lane,Frankie,20-Jul-48,1948-07-20,3,1948,0,1,G,1969,1971,76,0,0,6,0,0,7,0,0,0,0,0,89,0,0,Stanley Arms,Liverpool,0
104,71,Lawrence,Tommy,14-May-40,1940-05-14,2,1940,0,1,G,1971,1973,80,0,0,11,0,0,3,0,0,0,0,0,94,0,0,Liverpool,Chorley,0
104,72,Le Cornu,Craig,17-Sep-60,1960-09-17,3,1960,0,1,MF,1980,1980,3,3,0,0,0,0,0,0,0,0,0,0,3,3,0,Liverpool,Oswestry,0
104,73,Leary,Rex,NA,NA,4,1897,0,1,CH,1922,1923,5,0,0,0,0,0,0,0,0,0,0,0,5,0,0,Everton,NA,0
104,74,Lee,Andy,14-Sep-62,1962-09-14,3,1962,0,1,MF,1984,1984,14,4,0,2,1,0,1,0,0,2,1,0,19,6,0,Stafford Rangers,Cambridge United,0
104,75,Leeming,Cliff,02-Feb-20,1920-02-02,1,1920,0,1,IF,1947,1947,13,0,2,2,0,0,0,0,0,0,0,0,15,0,2,Bury,NA,0
104,76,Leonard,Mark,27-Sep-62,1962-09-27,3,1962,0,1,CF,1982,1982,6,1,0,0,0,0,0,0,0,0,0,0,6,1,0,Everton,NA,1
104,77,Leslie,Alex,NA,NA,NA,1902,1,1,RH,1925,1925,14,0,0,0,0,0,0,0,0,0,0,0,14,0,0,Manchester City,Crossley Bros,0
104,78,Lewins,George,16-Jul-06,1906-07-16,3,1906,0,1,RB,1930,1931,30,0,0,4,0,0,0,0,0,0,0,0,34,0,0,Wigan Borough,Rhyl,0
104,79,Lewis,Cyril,10-Apr-09,1909-04-10,2,1909,0,1,OR,1932,1932,8,0,0,0,0,0,0,0,0,0,0,0,8,0,0,Merthyr Town,Grimsby Town,0
104,80,Lewis,Ginger,NA,NA,1,1902,0,1,LH,1925,1933,266,0,9,22,0,1,0,0,0,0,0,0,288,0,10,Cardiff City,NA,0
104,81,Lewis,Joseph,NA,NA,NA,NA,0,1,RB,1923,1924,11,0,0,0,0,0,0,0,0,0,0,0,11,0,0,Buckley Town,Mold,0
104,82,Lewis,Norman,13-Jun-08,1908-06-13,2,1908,0,1,G,1936,1938,58,0,0,1,0,0,0,0,0,0,0,0,59,0,0,Bradford Park Avenue,NA,0
104,83,Leyland,Harry,12-May-30,1930-05-12,2,1930,0,1,G,1960,1966,180,0,0,8,0,0,6,0,0,0,0,0,194,0,0,Blackburn Rovers,Wigan Athletic,0
104,84,Littlehales,Harry,26-Aug-01,1901-08-26,3,1901,0,1,IF,1923,1931,162,0,50,11,0,2,0,0,0,0,0,0,173,0,52,Reading,Wrexham,0
104,85,Livingstone,Duggie,25-Feb-98,1898-02-25,1,1898,0,1,LB,1930,1932,88,0,0,7,0,0,0,0,0,0,0,0,95,0,0,Aberdeen,Jersey,0
104,86,Lloyd,Evan,NA,NA,NA,NA,0,1,CF,1921,1921,11,0,2,0,0,0,0,0,0,0,0,0,11,0,2,Middlesbrough,NA,0
104,87,Lloyd,Harold,12-Mar-20,1920-03-12,1,1920,0,1,G,1945,1956,188,0,0,14,0,0,0,0,0,0,0,0,202,0,0,Flint Town,Runcorn,0
104,88,Lomax,John,NA,NA,NA,NA,0,1,IL,1922,1922,5,0,2,0,0,0,0,0,0,0,0,0,5,0,2,Everton,Winsford United,0
105,1,Lorenson,Roy,08-Apr-32,1932-04-08,2,1932,0,1,CH,1960,1961,14,0,0,0,0,0,1,0,0,0,0,0,15,0,0,Halifax Town,NA,0
105,2,Lornie,Jack,02-Mar-39,1939-03-02,1,1939,0,1,OR,1964,1965,33,2,6,1,0,0,2,0,0,0,0,0,36,2,6,Carlisle United,NA,0
105,3,Loyden,Eddie,22-Dec-45,1945-12-22,4,1945,0,1,CF,1972,1973,61,0,22,2,1,0,5,0,3,0,0,0,68,1,25,Chester Highlands Park,NA,0
105,4,Lumby,Jim,02-Oct-54,1954-10-02,4,1954,0,1,F,1979,1980,43,3,21,6,0,3,8,0,1,0,0,0,57,3,25,Carlisle United,Mansfield Town,0
105,5,Mackay,William,NA,NA,NA,NA,0,1,OR,1933,1933,7,0,1,0,0,0,0,0,0,0,0,0,7,0,1,Sheffield Wednesday,NA,0
105,6,Maddocks,Emlyn,06-Jul-17,1917-07-06,3,1917,0,1,CF,1936,1936,2,0,0,0,0,0,0,0,0,0,0,0,2,0,0,Denbigh,NA,0
105,7,Maher,Aiden,01-Dec-46,1946-12-01,4,1946,0,1,OL,1971,1971,2,5,1,0,0,0,1,0,0,0,0,0,3,5,1,Plymouth Argyle,NA,0
105,8,Maher,Cyril,NA,NA,2,1918,0,1,OR,1936,1936,1,0,0,0,0,0,0,0,0,0,0,0,1,0,0,South Liverpool,NA,0
105,9,Mahon,Alan,04-Apr-78,1978-04-04,2,1978,0,1,MF,1995,1996,14,13,2,0,0,0,0,2,0,0,0,0,14,15,2,YTS,NA,0
105,10,Major,Bill,14-Jan-11,1911-01-14,1,1911,0,1,CH,1934,1936,7,0,0,0,0,0,0,0,0,0,0,0,7,0,0,New Brighton,NA,0
105,11,Malcolm,John,20-May-17,1917-05-20,2,1917,0,1,HB,1947,1947,22,0,0,2,0,0,0,0,0,0,0,0,24,0,0,Accrington Stanley,NA,0
105,12,Malkin,Chris,04-Jun-67,1967-06-04,2,1967,0,1,S,1987,1994,191,51,62,9,4,2,20,5,6,19,5,5,239,65,75,Stork,Millwall,0
105,13,Manning,John,11-Dec-40,1940-12-11,4,1940,0,1,CF,1962,1966,130,0,70,4,0,2,8,0,4,0,0,0,142,0,76,Liverpool (amateur),Shrewsbury Town,0
105,14,Manning,John,11-Dec-40,1940-12-11,4,1940,0,2,CF,1971,1971,5,0,1,0,0,0,0,0,0,0,0,0,5,0,1,Walsall,Crewe Alexandra,0
105,15,Marquis,Fred,15-Jun-99,1899-06-15,2,1899,0,1,CF,1925,1926,70,0,32,4,0,1,0,0,0,0,0,0,74,0,33,Preston North End,Lancaster Town,0
105,16,Martin,Barrie,29-Sep-35,1935-09-29,3,1935,0,1,LB,1965,1967,99,4,0,7,0,0,3,0,0,0,0,0,109,4,0,Oldham Athletic,NA,0
105,17,Martindale,Dave,09-Apr-64,1964-04-09,2,1964,0,1,MF,1987,1993,130,38,9,8,3,1,15,4,0,12,2,2,165,47,12,Caemarfon Town,Doncaster Rovers,0
105,18,Mathias,Ray,13-Dec-46,1946-12-13,4,1946,0,1,FB,1967,1984,557,10,6,29,1,0,40,0,0,0,0,0,626,11,6,Local,Wigan Athletic,0
105,19,Matthews,Vince,15-Jan-96,1896-01-15,1,1896,0,1,CH,1925,1926,84,0,3,4,0,0,0,0,0,0,0,0,88,0,3,Bolton Wanderers,Sheffield United,0
105,20,Mayson,John,24-Oct-08,1908-10-24,4,1908,0,1,OL,1937,1937,9,0,2,0,0,0,0,0,0,0,0,0,9,0,2,Hull City,Runcorn,0
105,21,Meacock,Bob,26-Jul-10,1910-07-26,3,1910,0,1,RH,1933,1934,57,0,3,5,0,1,0,0,0,0,0,0,62,0,4,Torquay United,Lincoln City,0
105,22,Mercer,Joe,21-Jul-90,1890-07-21,3,1890,0,1,CH,1921,1921,16,0,1,2,0,0,0,0,0,0,0,0,18,0,1,Nottingham Forest,NA,0
105,23,Meston,Sammy,30-May-02,1902-05-30,2,1902,0,1,OR,1929,1931,107,0,29,8,0,2,0,0,0,0,0,0,115,0,31,Everton,Newport (Isle of Wight),0
105,24,Miller,Alforth,27-Sep-14,1914-09-27,3,1914,0,1,IR,1935,1936,27,0,1,1,0,0,0,0,0,0,0,0,28,0,1,Barrow,Shrewsbury Town,0
105,25,Miller,Dave,08-Jan-64,1964-01-08,1,1964,0,1,MF,1985,1985,25,4,1,4,0,0,1,0,0,2,0,1,32,4,2,Burnley,Colne Dynamoes,0
105,26,Miller,William,19-Jul-10,1910-07-19,3,1910,0,1,IR,1938,1938,11,0,1,1,0,0,0,0,0,0,0,0,12,0,1,Burnley,Falkirk,0
105,27,Millington,Ralph,18-Jun-30,1930-06-18,2,1930,0,1,CH,1950,1960,357,0,3,21,0,0,3,0,0,0,0,0,381,0,3,Neston,Ellesmere Port Town,0
105,28,Milner,Jimmy,03-Feb-33,1933-02-03,1,1933,0,1,F,1962,1962,18,0,3,0,0,0,1,0,1,0,0,0,19,0,4,Accrington Stanley,Sankeys,0
105,29,Milnes,Charles,NA,NA,2,1885,0,1,CH,1921,1921,16,0,2,0,0,0,0,0,0,0,0,0,16,0,2,Pontypridd,Rochdale,0
105,30,Mitchell,Barrie,15-Mar-47,1947-03-15,1,1947,0,1,F,1973,1975,77,6,10,1,0,0,3,0,0,0,0,0,81,6,10,Aberdeen,Preston North End,0
105,31,Mitchell,Frank,25-May-90,1890-05-25,2,1890,0,1,G,1923,1924,55,0,0,8,0,0,0,0,0,0,0,0,63,0,0,Liverpool,Blue Circle,0
105,32,Molyneux,Bernard,17-Sep-33,1933-09-17,3,1933,0,1,FB,1956,1956,11,0,3,0,0,0,0,0,0,0,0,0,11,0,3,Everton,Runcorn,0
105,33,Molyneux,Fred,25-Jul-44,1944-07-25,3,1944,0,1,CH,1970,1972,71,1,0,7,0,0,4,0,0,0,0,0,82,1,0,Plymouth Argyle,Southport,0
105,34,Mooney,Kevin,23-Aug-59,1959-08-23,3,1959,0,1,D,1982,1982,21,1,0,3,0,0,2,1,0,0,0,0,26,2,0,Telford United,Bangor City,0
105,35,Moorcroft,Dave,16-Mar-47,1947-03-16,1,1947,0,1,WH,1968,1971,107,1,1,7,0,0,9,0,0,0,0,0,123,1,1,Skelmersdale United,NA,0
105,36,Moore,Eric,16-Jul-26,1926-07-16,3,1926,0,1,LB,1957,1957,36,0,0,3,0,0,0,0,0,0,0,0,39,0,0,Chesterfield,NA,0
105,37,Moore,Ian,26-Aug-76,1976-08-26,3,1976,0,1,S,1994,1996,41,17,12,1,1,0,3,2,1,0,1,0,45,21,13,YTS,Nottingham Forest,0
105,38,Moore,Malcolm,18-Dec-48,1948-12-18,4,1948,0,1,CF,1970,1972,83,10,21,12,0,4,5,1,1,0,0,0,100,11,26,Sunderland,Hartlepool,0
105,39,Moore,Patrick,NA,NA,NA,1909,1,1,CH,1930,1930,4,0,0,0,0,0,0,0,0,0,0,0,4,0,0,Merthyr Town,Shamrock Rovers,0
105,40,Moore,Ronnie,29-Jan-53,1953-01-29,1,1953,0,1,CF,1971,1978,248,1,72,13,0,3,18,0,4,0,0,0,279,1,79,Local,Cardiff City,0
105,41,Moore,Ronnie,29-Jan-53,1953-01-29,1,1953,0,2,CF,1986,1988,75,0,6,8,0,0,5,0,0,4,0,1,92,0,7,Rochdale,NA,0
105,42,Moorhouse,George,04-Apr-01,1901-04-04,2,1901,0,1,OL,1921,1921,2,0,0,0,0,0,0,0,0,0,0,0,2,0,0,Leeds United,NA,0
105,43,Moreton,Jimmy,22-Sep-91,1891-09-22,3,1891,0,1,OR,1921,1926,148,0,12,11,0,0,0,0,0,0,0,0,159,0,12,Cammell Laird,NA,0
105,44,Morgan,Alan,02-Nov-73,1973-11-02,4,1973,0,1,MF,1995,1996,0,5,1,0,0,0,0,0,0,0,0,0,0,5,1,YTS,NA,0
105,45,Morley,Brian,04-Oct-60,1960-10-04,4,1960,0,1,D,1981,1981,10,6,2,1,0,0,2,0,0,0,0,0,13,6,2,Blackburn Rovers,Northwich Victoria,0
105,46,Morrissey,Johnny,08-Mar-65,1965-03-08,1,1965,0,1,OR,1985,1996,373,45,50,27,0,5,33,2,1,30,3,5,463,50,61,Wolves,NA,0
105,47,Mountfield,Derek,02-Nov-62,1962-11-02,4,1962,0,1,CH,1980,1981,26,0,1,1,0,0,2,0,0,0,0,0,29,0,1,Local,Everton,0
105,48,Muir,Ian,05-May-63,1963-05-05,2,1963,0,1,S,1985,1994,286,33,142,17,1,14,22,3,6,26,5,18,351,42,180,Brighton & Hove Albion,Birmingham City,0
105,49,Mulkerrin,Jimmy,25-Dec-31,1931-12-25,4,1931,0,1,IF,1959,1960,38,0,8,1,0,0,2,0,0,0,0,0,41,0,8,Accrington Stanley,Northwich Victoria,0
105,50,Mungall,Steve,22-May-58,1958-05-22,2,1958,0,1,FB,1979,1995,484,34,14,30,1,0,32,3,2,38,2,1,584,40,17,Motherwell,NA,0
105,51,Murphy,Bill,23-Mar-95,1895-03-23,1,1895,0,1,OL,1930,1930,3,0,0,0,0,0,0,0,0,0,0,0,3,0,0,Oldham Athletic,Ellesmere Port Town,0
105,52,Murray,Eddie,10-Jul-62,1962-07-10,3,1962,0,1,OR,1987,1988,11,15,1,2,0,0,2,0,0,0,0,0,15,15,1,Stork,Marine,0
105,53,Murray,Tommy,14-Jan-33,1933-01-14,1,1933,0,1,OR,1960,1961,10,0,1,1,0,0,0,0,0,0,0,0,11,0,1,Leeds United,NA,0
105,54,Mycock,Tom,22-Aug-23,1923-08-22,3,1923,0,1,IF,1952,1953,45,0,2,5,0,0,0,0,0,0,0,0,50,0,2,Brentford,Bradford City,0
105,55,MacDonald,John,01-Sep-21,1921-09-01,3,1921,0,1,FB,1949,1951,89,0,0,4,0,0,0,0,0,0,0,0,93,0,0,Liverpool,NA,0
105,56,MacDonald,Willie,NA,NA,NA,NA,0,1,IR,1934,1935,81,0,19,7,0,1,0,0,0,0,0,0,88,0,20,Manchester United,Coventry City,0
105,57,MacNamee,John,31-Jul-42,1942-07-31,3,1942,0,1,W,1967,1969,67,5,12,8,1,2,5,0,0,0,0,0,80,6,14,Raith Rovers,NA,0
105,58,McAuley,Hughie,08-Jan-53,1953-01-08,1,1953,0,1,OL,1973,1973,13,0,1,0,0,0,2,0,0,0,0,0,15,0,1,Liverpool,NA,1
105,59,McAuley,Hughie,08-Jan-53,1953-01-08,1,1953,0,2,OL,1978,1978,41,2,0,3,0,1,2,0,1,0,0,0,46,2,2,Charlton Athletic,Carlisle United,0
105,60,McBennett,Seamus,16-Nov-25,1925-11-16,4,1925,0,1,OR,1948,1949,12,0,1,1,0,0,0,0,0,0,0,0,13,0,1,Cardiff City,Chelmsford,0
105,61,McBurney,Mike,12-Sep-53,1953-09-12,3,1953,0,1,F,1974,1974,4,1,0,0,0,0,0,0,0,0,0,0,4,1,0,Bolton Wanderers,NA,1
105,62,McCarrick,Mark,04-Feb-62,1962-02-04,1,1962,0,1,LB,1987,1990,125,0,14,8,0,0,13,1,1,10,0,1,156,1,16,Runcorn,Altrincham,0
105,63,McDevitt,Kenny,04-Mar-29,1929-03-04,1,1929,0,1,OR,1951,1959,237,0,40,12,0,0,0,0,0,0,0,0,249,0,40,Unity BC,NA,0
105,64,McDonnell,Charlie,15-Jul-36,1936-07-15,3,1936,0,1,IF,1957,1960,68,0,26,2,0,0,0,0,0,0,0,0,70,0,26,Local,Stockport County,0
105,65,McDonnell,Charlie,15-Jul-36,1936-07-15,3,1936,0,2,IF,1963,1964,45,0,25,1,0,0,2,0,1,0,0,0,48,0,26,Stockport County,Southport,0
105,66,McFarland,Roy,05-Apr-48,1948-04-05,2,1948,0,1,CH,1966,1967,35,0,0,3,0,0,3,0,0,0,0,0,41,0,0,Local,Derby County,0
105,67,McGrae,Joe,24-Oct-03,1903-10-24,4,1903,0,1,LH,1925,1925,8,0,0,0,0,0,0,0,0,0,0,0,8,0,0,Everton,Norwich City,0
105,68,McGreal,John,02-Jun-72,1972-06-02,2,1972,0,1,CD,1991,1996,119,2,1,4,0,0,10,1,0,3,2,0,136,5,1,YTS,NA,0
105,69,McGugan,Jackie,12-Jun-39,1939-06-12,2,1939,0,1,CH,1960,1961,35,0,0,1,0,0,0,0,0,0,0,0,36,0,0,Leeds United,Cambridge City,0
105,70,McGuire,Reg,24-Aug-59,1959-08-24,3,1959,0,1,D,1982,1982,0,4,0,0,0,0,0,1,0,0,0,0,0,5,0,Local,NA,0
105,71,McKay,James,11-Jun-18,1918-06-11,2,1918,0,1,CF,1949,1949,12,0,1,0,0,0,0,0,0,0,0,0,12,0,1,NA,NA,0
105,72,McKenna,Kenny,02-Jul-60,1960-07-02,3,1960,0,1,CF,1982,1982,2,2,0,0,0,0,0,1,0,0,0,0,2,3,0,Poulton Victoria,Telford United,0
105,73,McKenna,Kenny,02-Jul-60,1960-07-02,3,1960,0,2,CF,1987,1988,13,3,3,0,0,0,1,3,0,0,1,0,14,7,3,Telford United,Altrincham,0
105,74,McLaren,Hugh,13-Jan-01,1901-01-13,1,1901,0,1,RH,1935,1936,43,0,4,5,0,0,0,0,0,0,0,0,48,0,4,Bradford City,Rochdale,0
105,75,McLellan,Alistair,16-Apr-22,1922-04-16,2,1922,0,1,IF,1948,1948,2,0,0,0,0,0,0,0,0,0,0,0,2,0,0,New Brighton,Morecambe,0
105,76,McMahon,John,07-Dec-49,1949-12-07,4,1949,0,1,FB,1983,1983,39,1,0,0,0,0,2,0,0,3,0,0,44,1,0,Wigan Athletic,NA,0
105,77,McManus,Eric,14-Nov-50,1950-11-14,4,1950,0,1,G,1986,1986,3,0,0,0,0,0,2,0,0,0,0,0,5,0,0,Bradford City,Boston United,0
105,78,McMullen,Tan,17-Nov-65,1965-11-17,4,1965,0,1,F,1984,1984,2,0,0,1,1,1,0,0,0,0,1,0,3,2,1,Local,NA,0
105,79,McMurray,Itom,24-Jul-11,1911-07-24,3,1911,0,1,OR,1932,1932,24,0,4,5,0,0,0,0,0,0,0,0,29,0,4,Millwall,Glenavon,0
105,80,McNab,Neil,04-Jun-57,1957-06-04,2,1957,0,1,MF,1989,1992,97,11,6,6,1,0,3,2,0,19,0,2,125,14,8,Manchester City,Ayr United,0
105,81,McNamara,Dennis,08-Mar-35,1935-03-08,1,1935,0,1,OR,1954,1954,1,0,0,0,0,0,0,0,0,0,0,0,1,0,0,Local,NA,0
105,82,McVicar,Don,06-Nov-62,1962-11-06,4,1962,0,1,D,1985,1985,7,0,0,0,0,0,1,0,0,0,0,0,8,0,0,St Johnstone,Montrose,0
105,83,Naylor,Tommy,NA,NA,NA,NA,0,1,FB,1924,1930,81,0,2,4,0,0,0,0,0,0,0,0,85,0,2,Prescot Cables,Prescot Cables,0
105,84,Neill,Tommy,03-Oct-30,1930-10-03,4,1930,0,1,WH,1960,1962,79,0,2,8,0,0,3,0,0,0,0,0,90,0,2,Bury,Wigan Athletic,0
105,85,Nevin,Pat,06-Sep-63,1963-09-06,3,1963,0,1,W,1991,1991,8,0,0,0,0,0,0,0,0,0,0,0,8,0,0,Everton,NA,1
105,86,Nevin,Pat,06-Sep-63,1963-09-06,3,1963,0,2,W,1992,1996,187,12,32,8,0,2,16,0,5,8,0,0,219,12,39,Everton,Kilmarnock,0
105,87,Newton,Percy,NA,NA,NA,NA,0,1,CH,1934,1935,59,0,0,4,0,0,0,0,0,0,0,0,63,0,0,Manchester United,NA,0
105,88,Nightingale,David,15-Aug-27,1927-08-15,3,1927,0,1,RB,1946,1946,3,0,0,0,0,0,0,0,0,0,0,0,3,0,0,Local,NA,0
106,1,Niven,James,08-Sep-97,1897-09-08,3,1897,0,1,LB,1921,1921,17,0,0,0,0,0,0,0,0,0,0,0,17,0,0,Local,New Brighton,0
106,2,Nixon,Eric,04-Oct-62,1962-10-04,4,1962,0,1,G,1987,1987,8,0,0,0,0,0,0,0,0,0,0,0,8,0,0,Manchester City,NA,1
106,3,Nixon,Eric,04-Oct-62,1962-10-04,4,1962,0,2,G,1988,1996,344,0,0,19,0,0,34,0,0,34,1,0,431,1,0,Manchester City,NA,0
106,4,Nolan,Ian,09-Jul-70,1970-07-09,3,1970,0,1,FB,1991,1993,91,1,1,7,0,0,10,0,1,5,0,0,113,1,2,Marine,Sheffield Wednesday,0
106,5,O'Brien,Liam,05-Sep-64,1964-09-05,3,1964,0,1,MF,1993,1996,117,5,7,4,1,1,11,0,0,2,0,0,134,6,8,Newcastle United,NA,0
106,6,O'Connor,John,NA,NA,NA,1903,0,1,OR,1927,1927,2,0,0,0,0,0,0,0,0,0,0,0,2,0,0,Gillingham,Darlington,0
106,7,O'Neil,Tommy,25-Oct-52,1952-10-25,4,1952,0,1,MF,1978,1979,74,0,10,5,0,2,6,0,1,0,0,0,85,0,13,Southport,Halifax Town,0
106,8,O'Rourke,Billy,02-Apr-60,1960-04-02,2,1960,0,1,G,1986,1986,15,0,0,0,0,0,0,0,0,0,0,0,15,0,0,Blackpool,NA,1
106,9,O'Rourke,Billy,02-Apr-60,1960-04-02,2,1960,0,2,G,1986,1987,38,0,0,2,0,0,2,0,0,2,0,0,44,0,0,Blackpool,ICI Thornton,0
106,10,Obrey,Alf,03-Jun-12,1912-06-03,2,1912,0,1,CH,1938,1938,17,0,0,0,0,0,0,0,0,0,0,0,17,0,0,Port Vale,NA,0
106,11,Oliver,Gavin,06-Sep-62,1962-09-06,3,1962,0,1,D,1982,1982,17,0,1,0,0,0,0,0,0,0,0,0,17,0,1,Sheffield Wednesday,Sheffield Wednesday,1
106,12,Onyeali,Elkanah,07-Jun-39,1939-06-07,2,1939,0,1,F,1960,1960,13,0,8,1,0,0,2,0,1,0,0,0,16,0,9,Nigeria,Holyhead Town,0
106,13,Owen,Arthur,NA,NA,NA,1911,0,1,LB,1936,1938,11,0,0,0,0,0,0,0,0,0,0,0,11,0,0,Hoylake,Everton,0
106,14,Owen,Billy,30-Jun-14,1914-06-30,2,1914,0,1,CF,1935,1935,6,0,4,0,0,0,0,0,0,0,0,0,6,0,4,Manchester City,Newport County,0
106,15,Oxtoby,Dick,05-Sep-39,1939-09-05,3,1939,0,1,HB,1963,1963,5,0,0,1,0,0,0,0,0,0,0,0,6,0,0,Bolton Wanderers,NA,0
106,16,Palios,Mark,09-Nov-52,1952-11-09,4,1952,0,1,MF,1973,1979,177,13,25,8,0,0,16,1,0,0,0,0,201,14,25,Local,Crewe Alexandra,0
106,17,Palios,Mark,09-Nov-52,1952-11-09,4,1952,0,2,MF,1982,1984,55,4,7,3,0,0,1,1,0,4,3,1,63,8,8,Crewe Alexandra,Bangor City,0
106,18,Parnell,Frank,04-Nov-35,1935-11-04,4,1935,0,1,CF,1955,1956,4,0,3,0,0,0,0,0,0,0,0,0,4,0,3,Local,NA,0
106,19,Parnell,Roy,08-Oct-43,1943-10-08,4,1943,0,1,RB,1964,1966,105,0,2,6,0,1,5,0,0,0,0,0,116,0,3,Everton,Bury,0
106,20,Parry,Dave,11-Feb-48,1948-02-11,1,1948,0,1,OL,1967,1967,3,0,0,0,0,0,0,0,0,0,0,0,3,0,0,Blackpool,Halifax Town,0
106,21,Parry,Les,13-Nov-53,1953-11-13,4,1953,0,1,CD,1972,1983,254,4,4,13,0,0,18,0,0,0,0,0,285,4,4,Local,NA,0
106,22,Payne,Albert,11-Nov-23,1923-11-11,4,1923,0,1,WH,1946,1948,10,0,0,0,0,0,0,0,0,0,0,0,10,0,0,Local,NA,0
106,23,Payne,George,22-Aug-21,1921-08-22,3,1921,0,1,G,1946,1960,439,0,0,25,0,0,3,0,0,0,0,0,467,0,0,Army,Northwich Victoria,0
106,24,Pearson,Tich,NA,NA,4,1910,0,1,OR,1932,1933,30,0,0,3,0,1,0,0,0,0,0,0,33,0,1,Shaftesbury B.C.,Bournemouth,0
106,25,Pennington,James,NA,NA,2,1915,0,1,IL,1933,1933,2,0,1,0,0,0,0,0,0,0,0,0,2,0,1,Rainhill,NA,0
106,26,Peplow,Steve,08-Jan-49,1949-01-08,1,1949,0,1,OR,1973,1980,232,16,44,11,0,1,12,1,2,0,0,0,255,17,47,Nottingham Forest,NA,0
106,27,Perfect,Frank,09-Mar-15,1915-03-09,1,1915,0,1,RB,1938,1938,13,0,0,0,0,0,0,0,0,0,0,0,13,0,0,Wolves,NA,0
106,28,Phillips,Ernest,NA,NA,NA,1897,0,1,LH,1922,1922,18,0,1,1,0,0,0,0,0,0,0,0,19,0,1,Reddich,Wallasey United,0
106,29,Philpotts,Dave,31-Mar-54,1954-03-31,1,1954,0,1,CH,1974,1977,174,1,5,8,0,0,9,0,0,0,0,0,191,1,5,Coventry City,USA,0
106,30,Philpotts,Dave,31-Mar-54,1954-03-31,1,1954,0,2,CH,1983,1984,36,0,6,2,0,0,2,0,0,5,0,1,45,0,7,USA,NA,0
106,31,Philpotts,John,NA,NA,NA,NA,0,1,OR,1945,1945,0,0,0,1,0,0,0,0,0,0,0,0,1,0,0,NA,NA,0
106,32,Pike,Martin,21-Oct-64,1964-10-21,4,1964,0,1,LB,1989,1989,2,0,0,1,0,0,2,0,0,0,0,0,5,0,0,Sheffield United,NA,1
106,33,Platt,Dick,NA,NA,NA,NA,0,1,RB,1932,1936,173,0,0,16,0,0,0,0,0,0,0,0,189,0,0,Huyton Quarry,Northampton Town,0
106,34,Platt,John,22-Aug-54,1954-08-22,3,1954,0,1,G,1984,1984,8,0,0,1,0,0,0,0,0,1,0,0,10,0,0,Bolton Wanderers,NA,1
106,35,Pointon,Ray,06-Nov-47,1947-11-06,4,1947,0,1,FB,1967,1970,41,6,0,0,0,0,7,0,0,0,0,0,48,6,0,Local,NA,0
106,36,Pollard,James,04-Jun-20,1920-06-04,2,1920,0,1,OL,1947,1948,24,0,1,2,0,0,0,0,0,0,0,0,26,0,1,Newport County,Wigan Athletic,0
106,37,Poskett,Thomas,26-Dec-09,1909-12-26,4,1909,0,1,G,1935,1936,22,0,0,0,0,0,0,0,0,0,0,0,22,0,0,Notts County,Crewe Alexandra,0
106,38,Postlewhite,Dennis,13-Oct-57,1957-10-13,4,1957,0,1,D,1975,1979,31,2,1,0,1,0,3,2,0,0,0,0,34,5,1,Local,Australia,0
106,39,Powell,Neville,02-Sep-63,1963-09-02,3,1963,0,1,MF,1980,1984,76,10,4,3,3,1,5,0,0,5,0,0,89,13,5,Local,NA,0
106,40,Prentice,John,19-Oct-98,1898-10-19,4,1898,0,1,OL,1921,1921,23,0,3,2,0,2,0,0,0,0,0,0,25,0,5,Swansea Town,Hurst,0
106,41,Prescott,Frank,12-Aug-22,1922-08-12,3,1922,0,1,CF,1946,1946,2,0,0,0,0,0,0,0,0,0,0,0,2,0,0,St Annes,NA,0
106,42,Price,Ken,25-Mar-39,1939-03-25,1,1939,0,1,CF,1960,1960,3,0,2,0,0,0,0,0,0,0,0,0,3,0,2,Aston Villa,Hartlepools United,0
106,43,Price,Walter,14-Feb-21,1921-02-14,1,1921,0,1,CH,1946,1946,2,0,0,0,0,0,0,0,0,0,0,0,2,0,0,Local,Rochdale,0
106,44,Pritchard,Joe,04-Sep-43,1943-09-04,3,1943,0,1,MF,1962,1969,176,2,29,16,0,0,12,0,2,0,0,0,204,2,31,Liverpool,Ellesmere Port Town,0
106,45,Pritchard,Ray,23-Jun-54,1954-06-23,2,1954,0,1,FB,1972,1973,13,1,0,0,0,0,0,0,0,0,0,0,13,1,0,Everton,Southport,0
106,46,Proctor,Mark,30-Jan-61,1961-01-30,1,1961,0,1,MF,1992,1992,15,0,2,0,0,0,0,0,0,0,0,0,15,0,2,Middlesbrough,NA,1
106,47,Proctor,Mark,30-Jan-61,1961-01-30,1,1961,0,2,MF,1993,1994,18,0,0,1,0,0,1,0,0,0,1,0,20,1,0,Middlesbrough,NA,0
106,48,Proctor,Norman,11-May-96,1896-05-11,2,1896,0,1,IL,1925,1926,56,0,13,3,0,1,0,0,0,0,0,0,59,0,14,Leicester City,Halifax Town,0
106,49,Prosser,Neil,08-Mar-57,1957-03-08,1,1957,0,1,F,1982,1982,1,1,0,0,0,0,0,0,0,0,0,0,1,1,0,Bournemouth,NA,0
106,50,Rainford,Billy,26-Feb.92,1892-02-26,1,1892,0,1,IL,1921,1922,21,0,6,1,0,0,0,0,0,0,0,0,22,0,6,Manchester United,Wallasey United,0
106,51,Ratcliffe,Archie,30-Jan-93,1893-01-30,1,1893,0,1,CF,1922,1922,2,0,0,0,0,0,0,0,0,0,0,0,2,0,0,Sheffield Wednesday,NA,0
106,52,Rees,Peter,05-May-32,1932-05-05,2,1932,0,1,OL,1956,1956,9,0,4,1,0,0,0,0,0,0,0,0,10,0,4,Llanidloes,Machynlleth,0
106,53,Rice,Ron,13-Apr-23,1923-04-13,2,1923,0,1,IL,1946,1946,5,0,1,0,0,0,0,0,0,0,0,0,5,0,1,Bradford City,NA,0
106,54,Richards,Ernest,NA,NA,NA,NA,0,1,CH,1945,1945,0,0,0,4,0,0,0,0,0,0,0,0,4,0,0,NA,NA,0
106,55,Richards,Percy,NA,NA,NA,1907,0,1,OL,1928,1928,5,0,1,0,0,0,0,0,0,0,0,0,5,0,1,Cardiff City,NA,0
106,56,Ridding,Bill,04-Apr-11,1911-04-04,2,1911,0,1,CF,1928,1929,17,0,13,2,0,0,0,0,0,0,0,0,19,0,13,Heswall,Manchester City,0
106,57,Ridding,Bill,04-Apr-11,1911-04-04,2,1911,0,2,CF,1935,1935,1,0,0,0,0,0,0,0,0,0,0,0,1,0,0,Northampton Town,Oldham Athletic,0
106,58,Ridgway,John,NA,NA,NA,NA,0,1,LB,1928,1928,2,0,0,0,0,0,0,0,0,0,0,0,2,0,0,Cardiff City,NA,0
106,59,Riley,Alan,NA,NA,NA,NA,0,1,G,1945,1945,0,0,0,1,0,0,0,0,0,0,0,0,1,0,0,NA,NA,0
106,60,Rimmer,Ellis,02-Jan-07,1907-01-02,1,1907,0,1,OL,1924,1927,62,0,20,4,0,2,0,0,0,0,0,0,66,0,22,Whitchurch,Sheffield Wednesday,0
106,61,Roberts,Billy,09-Jan-04,1904-01-09,1,1904,0,1,IR,1925,1925,6,0,1,0,0,0,0,0,0,0,0,0,6,0,1,Huddersfield Town,Winsford,0
106,62,Roberts,Eddie,16-Nov-47,1947-11-16,4,1947,0,1,G,1968,1969,8,0,0,0,0,0,1,0,0,0,0,0,9,0,0,Harrowby,NA,0
106,63,Roberts,Gerald,NA,NA,2,1908,0,1,LB,1932,1932,2,0,0,0,0,0,0,0,0,0,0,0,2,0,0,Bromborough Pool,NA,0
106,64,Roberts,James,07-Jan-91,1891-01-07,1,1891,0,1,OL,1921,1921,32,0,1,2,0,0,0,0,0,0,0,0,34,0,1,Everton,Crewe Alexandra,0
106,65,Roberts,Ronnie,14 Sep-42,1942-09-14,3,1942,0,1,OL,1962,1963,56,0,2,1,0,0,3,0,0,0,0,0,60,0,2,Wrexham,Oswestry,0
106,66,Robertson,Teddie,19-Dec-35,1935-12-19,4,1935,0,1,FB,1964,1968,143,4,1,5,0,0,9,0,0,0,0,0,157,4,1,Wrexham,NA,0
106,67,Robertson,William,NA,NA,NA,NA,0,1,CF,1936,1936,1,0,0,0,0,0,0,0,0,0,0,0,1,0,0,Local,NA,0
106,68,Robinson,Alfred,30-Jan-98,1898-01-30,1,1898,0,1,IR,1921,1921,4,0,0,0,0,0,0,0,0,0,0,0,4,0,0,Everton,Wallasey United,0
106,69,Robinson,James,08-Jan-98,1898-01-08,1,1898,0,1,OL,1922,1923,7,0,1,1,0,0,0,0,0,0,0,0,8,0,1,Manchester United,NA,0
106,70,Robinson,Liam,29-Dec-65,1965-12-29,4,1965,0,1,s,1985,1985,4,0,3,0,0,0,0,0,0,0,0,0,4,0,3,Huddersfield Town,NA,1
106,71,Rodaway,Billy,26-Sep-54,1954-09-26,3,1954,0,1,MF,1984,1985,55,3,5,6,0,1,3,0,0,3,0,0,67,3,6,Blackpool,Burnley,0
106,72,Rogers,Alan,03-Jan-77,1977-01-03,1,1977,0,1,LB,1995,1996,53,4,2,1,0,0,1,0,0,0,0,0,55,4,2,YTS,Nottingham Forest,0
106,73,Roper,William,NA,NA,2,1914,0,1,G,1932,1934,3,0,0,0,0,0,0,0,0,0,0,0,3,0,0,Liverpool,South Liverpool,0
106,74,Rosenthal,Abe,12-Oct-21,1921-10-12,4,1921,0,1,IF,1938,1938,1,0,0,0,0,0,0,0,0,0,0,0,1,0,0,Liverpool,World War 2,0
106,75,Rosenthal,Abe,12-Oct-21,1921-10-12,4,1921,0,2,IF,1945,1946,26,0,8,5,0,4,0,0,0,0,0,0,31,0,12,World War 2,Bradford City,0
106,76,Rosenthal,Abe,12-Oct-21,1921-10-12,4,1921,0,3,IF,1949,1951,69,0,24,6,0,4,0,0,0,0,0,0,75,0,28,Oldham Athletic,Bradford City,0
106,77,Rosenthal,Abe,12-Oct-21,1921-10-12,4,1921,0,4,IF,1954,1954,21,0,3,2,0,1,0,0,0,0,0,0,23,0,4,Bradford City,Bradford City,0
106,78,Rothwell,Peter,NA,NA,2,1898,0,1,IF,1923,1924,8,0,0,1,0,0,0,0,0,0,0,0,9,0,0,Chester,Northwich Victoria,0
106,79,Rowe,Graham,28-Aug-45,1945-08-28,3,1945,0,1,WH,1970,1970,6,1,0,0,0,0,0,0,0,0,0,0,6,1,0,NA,NA,0
106,80,Rowland,John,07-Apr-41,1941-04-07,2,1941,0,1,w,1968,1968,25,1,3,0,0,0,2,0,0,0,0,0,27,1,3,Mansfield Town,NA,0
106,81,Rowles,Reginald,NA,NA,NA,NA,0,1,RB,1931,1931,2,0,0,0,0,0,0,0,0,0,0,0,2,0,0,Cardiff City,NA,0
106,82,Rowley,Tony,19-Sep-29,1929-09-19,3,1929,0,1,CF,1957,1960,100,0,45,6,0,3,2,0,1,0,0,0,108,0,49,Liverpool,NA,0
106,83,Roy,Jack,23-Mar-14,1914-03-23,1,1914,0,1,OL,1938,1938,20,0,2,1,0,0,0,0,0,0,0,0,21,0,2,Notts County,NA,0
106,84,Russell,Alex,21-Feb 44,1944-02-21,1,1944,0,1,MF,1971,1972,54,1,7,7,0,0,3,0,0,0,0,0,64,1,7,Blackburn Rovers,Crewe Alexandra,0
106,85,Rutter,Edward,02-Jul-98,1898-07-02,3,1898,0,1,LH,1924,1924,14,0,0,1,0,0,0,0,0,0,0,0,15,0,0,West Kirby,Pontypridd,0
106,86,Salmon,Ten,24-Jun-12,1912-06-24,2,1912,0,1,WH,1946,1947,30,0,1,1,0,0,0,0,0,0,0,0,31,0,1,Burnley,NA,0
106,87,Sayer,Stan,02-Feb-95,1895-02-02,1,1895,0,1,CF,1922,1924,79,0,29,8,0,4,0,0,0,0,0,0,87,0,33,Millwall,New Brighton,0
106,88,Scott,George,25-Oct-44,1944-10-25,4,1944,0,1,IF,1968,1969,35,1,0,4,1,2,0,0,0,0,0,0,39,2,2,South Africa,NA,0
107,1,Seasman,John,21-Feb-55,1955-02-21,1,1955,0,1,MF,1972,1974,15,2,0,0,0,0,0,0,0,0,0,0,15,2,0,Local,Luton Town,0
107,2,Seddon,Ben,05-Feb-52,1952-02-05,1,1952,0,1,CH,1973,1973,1,0,0,0,0,0,1,0,0,0,0,0,2,0,0,Formby,NA,0
107,3,Sewell,George,03-Jun-98,1898-06-03,2,1898,0,1,CH,1922,1922,34,0,0,1,0,0,0,0,0,0,0,0,35,0,0,Barnsley,Merthyr Town,0
107,4,Sharkey,Bernard,25-Mar-94,1894-03-25,1,1894,0,1,IR,1922,1922,22,0,3,1,0,0,0,0,0,0,0,0,23,0,3,Barrow,NA,0
107,5,Sharp,Alex,12-Nov-10,1910-11-12,4,1910,0,1,CH,1930,1930,3,0,0,0,0,0,0,0,0,0,0,0,3,0,0,East Fife,East Fife,0
107,6,Shaw,Hugh,29-Apr-29,1929-04-29,2,1929,0,1,WH,1955,1955,3,0,0,0,0,0,0,0,0,0,0,0,3,0,0,Rhyl,NA,0
107,7,Shears,Bert,12-May-00,1900-05-12,2,1900,0,1,RH,1930,1930,27,0,0,2,0,0,0,0,0,0,0,0,29,0,0,Liverpool,Wigan Borough,0
107,8,Sherlock,Harold,02-Feb-09,1909-02-02,1,1909,0,1,G,1936,1936,1,0,0,0,0,0,0,0,0,0,0,0,1,0,0,Hoylake,NA,0
107,9,Shone,George,15-Feb-22,1922-02-15,1,1922,0,1,CF,1946,1946,4,0,0,0,0,0,0,0,0,0,0,0,4,0,0,Local,NA,0
107,10,Siddall,Barry,12-Sep-54,1954-09-12,3,1954,0,1,G,1985,1985,12,0,0,4,0,0,0,0,0,0,0,0,16,0,0,Stoke City,NA,1
107,11,Sille,Les,12-Apr-28,1928-04-12,2,1928,0,1,OL,1948,1948,1,0,0,0,0,0,0,0,0,0,0,0,1,0,0,Crystal Palace,NA,0
107,12,Sinclair,Nick,03-Jan-60,1960-01-03,1,1960,0,1,FB,1984,1985,22,0,1,3,0,0,1,1,0,1,1,0,27,2,1,Oldham Athletic,NA,0
107,13,Sinclair,Roy,10-Dec-44,1944-12-10,4,1944,0,1,IF,1963,1968,130,8,17,6,0,0,9,1,1,0,0,0,145,9,18,Liverpool,Watford,0
107,14,Sinclair,Roy,10-Dec-44,1944-12-10,4,1944,0,2,IF,1972,1972,12,0,0,0,0,0,0,0,0,0,0,0,12,0,0,Watford,NA,0
107,15,Sinclair,Willie,14-Oct-34,1934-10-14,4,1934,0,1,IF,1960,1960,4,0,0,0,0,0,0,0,0,0,0,0,4,0,0,Huddersfield Town,Halifax Town,0
107,16,Smith,Derek,05-Jul-46,1946-07-05,3,1946,0,1,CH,1967,1969,77,5,21,7,0,2,7,0,1,0,0,0,91,5,24,Everton,NA,0
107,17,Smith,George,NA,NA,NA,NA,0,1,IF,1924,1925,35,0,0,2,0,0,0,0,0,0,0,0,37,0,0,Gillingham,Coventry City,0
107,18,Smith,John,23-Jul-70,1970-07-23,3,1970,0,1,LB,1988,1988,1,1,0,0,0,0,0,0,0,0,0,0,1,1,0,Local,NA,0
107,19,Smith,Reg,NA,NA,1,1916,0,1,IL,1938,1938,1,0,0,0,0,0,0,0,0,0,0,0,1,0,0,Wolves,NA,0
107,20,Smith,William,NA,NA,NA,1915,1,1,IR,1938,1938,1,0,0,0,0,0,0,0,0,0,0,0,1,0,0,Kirkintilloch Rob Roy,NA,0
107,21,Speakman,Sammy,27-Jan-34,1934-01-27,1,1934,0,1,OL,1954,1955,68,0,9,4,0,2,0,0,0,0,0,0,72,0,11,Middlesbrough,Wigan Athletic,0
107,22,Spence,James,NA,NA,NA,NA,0,1,LB,1930,1930,2,0,0,0,0,0,0,0,0,0,0,0,2,0,0,Local,NA,0
107,23,Spencer,Reg,01-Dec-08,1908-12-01,4,1908,0,1,LH,1931,1938,235,0,3,21,0,0,0,0,0,0,0,0,256,0,3,Local,NA,0
107,24,Spencer,Teddy,NA,NA,NA,NA,0,1,IL,1932,1933,15,0,2,1,0,2,0,0,0,0,0,0,16,0,4,Aston Villa,Leamington Town,0
107,25,Spink,Tony,16-Nov-29,1929-11-16,4,1929,0,1,CF,1956,1956,7,0,3,1,0,0,0,0,0,0,0,0,8,0,3,Sunderland,NA,0
107,26,St John,Ian,07-Jun-38,1938-06-07,2,1938,0,1,I CF,1972,1972,9,0,1,2,0,0,0,0,0,0,0,0,11,0,1,Coventry City,Portsmouth,0
107,27,Stanley,Graham,27-Jan-38,1938-01-27,1,1938,0,1,I WH,1965,1965,0,1,1,0,0,0,0,0,0,0,0,0,0,1,1,Bolton Wanderers,NA,0
107,28,Steel,Jim,04-Dec-59,1959-12-04,4,1959,0,1,CF,1987,1991,167,13,29,7,1,2,16,2,6,20,0,10,210,16,47,Wrexham,Retired,0
107,29,Steele,Percy,26-Dec-23,1923-12-26,4,1923,0,1,FB,1945,1956,311,0,0,27,0,0,0,0,0,0,0,0,338,0,0,Carlton,Burscough,0
107,30,Stephens,Terry,05-Nov-35,1935-11-05,4,1935,0,1,IF,1955,1956,15,0,5,0,0,0,0,0,0,0,0,0,15,0,5,Everton,Ellesmere Port Town,0
107,31,Stevens,Dennis,30-Nov-33,1933-11-30,4,1933,0,1,IF,1966,1967,28,4,3,6,0,1,1,0,0,0,0,0,35,4,4,Oldham Athletic,NA,0
107,32,Stevens,Gary,27-Mar-63,1963-03-27,1,1963,0,1,FB,1994,1994,3,0,0,0,0,0,1,0,0,1,0,0,5,0,0,Glasgow Rangers,NA,1
107,33,Stevens,Gary,27-Mar-63,1963-03-27,1,1963,0,2,FB,1994,1996,100,1,1,4,0,0,9,0,0,1,0,0,114,1,1,Glasgow Rangers,NA,0
107,34,Stevenson,Willie,26-Oct-39,1939-10-26,4,1939,0,1,LH,1973,1973,20,0,0,2,0,0,5,0,0,0,0,0,27,0,0,Stoke City,NA,0
107,35,Storton,Stan,05-Jan-39,1939-01-05,1,1939,0,1,RB,1966,1969,114,9,2,12,0,0,4,0,0,0,0,0,130,9,2,Hartlepool,Ellesmere Port Town,0
107,36,Storton,Trevor,26-Nov-49,1949-11-26,4,1949,0,1,CH,1967,1971,112,6,8,11,0,2,6,0,0,0,0,0,129,6,10,Juniors,Liverpool,0
107,37,Stott,Tom,NA,NA,NA,NA,0,1,CF,1921,1921,1,0,0,0,0,0,0,0,0,0,0,0,1,0,0,Halifax Town,NA,0
107,38,Stuart,Eddie,12-May-31,1931-05-12,2,1931,0,1,CH,1964,1965,83,0,2,3,0,0,3,0,0,0,0,0,89,0,2,Stoke City,Stockport County,0
107,39,Stuart,Tom,25-Oct-93,1893-10-25,4,1893,0,1,LB,1921,1927,192,0,13,13,0,0,0,0,0,0,0,0,205,0,13,Bootle Albion,NA,0
107,40,Sugden,Arthur,NA,NA,NA,1894,1,1,RB,1921,1922,4,0,0,0,0,0,0,0,0,0,0,0,4,0,0,Manchester City,Southport,0
107,41,Tansey,Gerard,15-Oct-33,1933-10-15,4,1933,0,1,FB,1955,1955,3,0,1,0,0,0,0,0,0,0,0,0,3,0,1,Everton,NA,0
107,42,Teale,Shaun,10-Mar-64,1964-03-10,1,1964,0,1,CD,1995,1996,54,0,0,0,0,0,8,0,0,0,0,0,62,0,0,Aston Villa,NA,0
107,43,Temple,Ernest,NA,NA,2,1910,0,1,G,1932,1932,1,0,0,0,0,0,0,0,0,0,0,0,1,0,0,Hoylake,New Brighton,0
107,44,Temple,Ernest,NA,NA,2,1910,0,2,G,1936,1936,1,0,0,0,0,0,0,0,0,0,0,0,1,0,0,New Brighton,Northwich Victoria,0
107,45,Thirkell,Percy,13-Feb-00,1900-02-13,1,1900,0,1,LB,1925,1929,175,0,0,9,0,0,0,0,0,0,0,0,184,0,0,Bolton Wanderers,Congleton Town,0
107,46,Thomas,John,05-Aug-58,1958-08-05,3,1958,0,1,CF,1978,1978,10,1,2,0,0,0,0,0,0,0,0,0,10,1,2,Everton,NA,1
107,47,Thomas,Kevin,13-Aug-45,1945-08-13,3,1945,0,1,G,1969,1970,18,0,0,3,0,0,1,0,0,0,0,0,22,0,0,Blackpool,Oxford United,0
107,48,Thomas,Robert,NA,NA,4,1911,0,1,OR,1938,1938,9,0,1,0,0,0,0,0,0,0,0,0,9,0,1,Millwall,NA,0
107,49,Thomas,Stanley,05-Sep-19,1919-09-05,3,1919,0,1,IL,1948,1948,1,0,0,0,0,0,0,0,0,0,0,0,1,0,0,Amateur,Port Sunlight,0
107,50,Thomas,Tony,12-Jul-71,1971-07-12,3,1971,0,1,D,1988,1996,264,3,12,7,0,0,23,1,1,16,0,1,310,4,14,YTS,Everton,0
107,51,Thomas,William,16-Mar-06,1906-03-16,1,1906,0,1,CH,1933,1933,6,0,0,1,0,0,0,0,0,0,0,0,7,0,0,Oldham Athletic,Rochdale,0
107,52,Thompson,Alex,08-Dec-17,1917-12-08,4,1917,0,1,RB,1948,1948,1,0,0,0,0,0,0,0,0,0,0,0,1,0,0,Lincoln City,NA,0
107,53,Thompson,Bob,27-Feb-90,1890-02-27,1,1890,0,1,RB,1922,1922,35,0,5,1,0,0,0,0,0,0,0,0,36,0,5,Millwall,Retired,0
107,54,Thompson,Robert,NA,NA,NA,NA,0,1,CF,1926,1926,1,0,0,0,0,0,0,0,0,0,0,0,1,0,0,Bolton Wanderers,NA,0
107,55,Thorn,Andy,12-Nov-66,1966-11-12,4,1966,0,1,CD,1996,1996,19,0,1,0,0,0,0,0,0,0,0,0,19,0,1,Wimbledon,NA,0
107,56,Thorpe,Adrian,25-Nov-63,1963-11-25,4,1963,0,1,OL,1986,1986,4,1,3,0,0,0,0,0,0,1,0,0,5,1,3,Bradford City,NA,1
107,57,Thorpe,Andy,15-Sep-60,1960-09-15,3,1960,0,1,D,1986,1987,51,2,0,2,0,0,4,0,1,3,0,0,60,2,1,Stockport County,Stockport County,0
107,58,Tilston,Tommy,19-Feb-26,1926-02-19,1,1926,0,1,IF,1951,1951,25,0,15,4,0,3,0,0,0,0,0,0,29,0,18,Chester,Wrexham,0
107,59,Tong,Robert,NA,NA,2,1911,0,1,CF,1932,1933,7,0,1,0,0,0,0,0,0,0,0,0,7,0,1,Shaftesbury B.C.,Witton Albion,0
107,60,Train,Ray,10-Feb-51,1951-02-10,1,1951,0,1,MF,1985,1985,36,0,0,2,0,0,2,0,0,3,0,0,43,0,0,Northampton Town,Walsall,0
107,61,Travis,Harry,26-Dec-11,1911-12-26,4,1911,0,1,CF,1938,1938,13,0,3,1,0,0,0,0,0,0,0,0,14,0,3,Derby County,Kidderminster Harriers,0
107,62,Tucker,Charles,NA,NA,NA,1917,1,1,G,1936,1936,1,0,0,0,0,0,0,0,0,0,0,0,1,0,0,Lytham,NA,0
107,63,Twist,Frank,02-Nov-40,1940-11-02,4,1940,0,1,OR,1965,1965,7,0,3,0,0,0,1,0,0,0,0,0,8,0,3,Halifax Town,NA,0
107,64,Tynan,Bobby,07-Dec-55,1955-12-07,4,1955,0,1,MF,1972,1977,193,2,26,10,0,2,16,0,3,0,0,0,219,2,31,Local,Blackpool,0
107,65,Urmson,Fred,26-Nov-07,1907-11-26,4,1907,0,1,OL,1927,1935,310,0,94,23,0,13,0,0,0,0,0,0,333,0,107,Atherton,Exeter City,0
107,66,Veitch,Tommy,16-Oct-49,1949-10-16,4,1949,0,1,MF,1972,1974,76,3,5,4,1,0,6,0,0,0,0,0,86,4,5,Heart of Midlothian,Halifax Town,0
107,67,Vickers,Steve,13-Oct-67,1967-10-13,4,1967,0,1,CD,1985,1993,317,1,11,19,0,3,20,1,5,29,0,1,385,2,20,Spennymoor United,Middlesbrough,0
107,68,Walkden,Edgar,NA,NA,NA,NA,0,1,CH,1938,1938,21,0,0,0,0,0,0,0,0,0,0,0,21,0,0,Everton,NA,0
107,69,Walls,Arthur,15-Jan-31,1931-01-15,1,1931,0,1,F,1954,1955,22,0,6,0,0,0,0,0,0,0,0,0,22,0,6,Airdrie,Macclesfield,0
107,70,Waring,Pongo,12-Oct-06,1906-10-12,4,1906,0,1,CF,1927,1927,24,0,23,3,0,1,0,0,0,0,0,0,27,0,24,Tranmere Celtic,Aston Villa,0
107,71,Waring,Pongo,12-Oct-06,1906-10-12,4,1906,0,2,CF,1936,1938,74,0,42,4,0,1,0,0,0,0,0,0,78,0,43,Wolves,Accrington Stanley,0
107,72,Warren,Emrys,NA,NA,NA,NA,0,1,LB,1933,1934,7,0,0,0,0,0,0,0,0,0,0,0,7,0,0,Troodyrhiw,Hereford Town,0
107,73,Warriner,Steve,18-Dec-58,1958-12-18,4,1958,0,1,D,1982,1982,5,4,0,0,0,0,0,0,0,0,0,0,5,4,0,Rochdale,NA,0
107,74,Wassell,Gilbert,09-Apr-10,1910-04-09,2,1910,0,1,LB,1937,1938,60,0,2,3,0,0,0,0,0,0,0,0,63,0,2,Millwall,Retired Injured,0
107,75,Waterston,Archie,13-Oct-02,1902-10-13,4,1902,0,1,CF,1929,1929,30,0,18,2,0,1,0,0,0,0,0,0,32,0,19,Southampton,Southport,0
107,76,Watson,Jack,NA,NA,NA,1912,1,1,CH,1933,1935,4,0,1,0,0,0,0,0,0,0,0,0,4,0,1,Scottish Juniors,South Liverpool,0
107,77,Watts,Farewell,10-Mar-04,1904-03-10,1,1904,0,1,IR,1929,1933,115,0,53,13,0,7,0,0,0,0,0,0,128,0,60,Newport County,NA,0
107,78,Webb,John,10-Feb-52,1952-02-10,1,1952,0,1,RB,1974,1974,17,3,0,0,0,0,0,1,0,0,0,0,17,4,0,Liverpool,NA,0
107,79,Weir,Jimmy,12-Apr-39,1939-04-12,2,1939,0,1,OL,1964,1964,13,0,3,0,0,0,1,0,0,0,0,0,14,0,3,Luton Town,Scarborough,0
107,80,Wellings,Barry,10-Jun-58,1958-06-10,2,1958,0,1,F,1982,1982,16,0,3,0,0,0,0,0,0,0,0,0,16,0,3,Rochdale,Northwich Victoria,0
107,81,Wellings,Barry,10-Jun-58,1958-06-10,2,1958,0,2,F,1983,1983,9,0,0,0,0,0,0,0,0,0,0,0,9,0,0,Northwich Victoria,Swansea City,0
107,82,West,Gordon,24-Apr-43,1943-04-24,2,1943,0,1,G,1976,1978,17,0,0,0,0,0,0,0,0,0,0,0,17,0,0,Everton,NA,0
107,83,Westlake,Brian,19-Sep-43,1943-09-19,3,1943,0,1,CF,1966,1966,13,1,3,2,0,0,0,0,0,0,0,0,15,1,3,Halifax Town,Colchester United,0
107,84,Wheeler,Johnny,26-Jul-28,1928-07-26,3,1928,0,1,RH,1948,1950,101,0,9,5,0,2,0,0,0,0,0,0,106,0,11,Carlton,Bolton Wanderers,0
107,85,White,Bob,05-Dec-01,1901-12-05,4,1901,0,1,OR,1925,1926,45,0,16,2,0,0,0,0,0,0,0,0,47,0,16,Stoke City,Yeovil & Petters,0
107,86,Whitehurst,Bert,22-Jun-98,1898-06-22,2,1898,0,1,CF,1931,1933,80,0,29,10,0,6,0,0,0,0,0,0,90,0,35,Bradford City,NA,0
107,87,Whittingham,Steve,04-Feb-62,1962-02-04,1,1962,0,1,F,1978,1980,0,2,0,0,0,0,0,0,0,0,0,0,0,2,0,Local,NA,0
107,88,Whyte,Crawford,04-Dec-07,1907-12-04,4,1907,0,1,LB,1936,1936,11,0,0,0,0,0,0,0,0,0,0,0,11,0,0,Bradford Park Avenue,Hartlepools United,0
108,1,Wilde,Leslie,NA,NA,NA,NA,0,1,G,1923,1923,1,0,0,0,0,0,0,0,0,0,0,0,1,0,0,Local,Pontypridd,0
108,2,Wilkinson,Barry,16-Jun-35,1935-06-16,2,1935,0,1,HB,1963,1963,3,0,0,0,0,0,0,0,0,0,0,0,3,0,0,Bangor City,NA,0
108,3,Williams,Gary,14-May-59,1959-05-14,2,1959,0,1,D,1976,1976,1,0,0,0,0,0,0,0,0,0,0,0,1,0,0,Local,Djurgaardens/Sweden,0
108,4,Williams,Gary,14-May-59,1959-05-14,2,1959,0,2,D,1982,1988,163,11,16,9,0,0,6,1,0,13,0,2,191,12,18,Swindon Town,NA,0
108,5,Williams,Graham,31-Dec-36,1936-12-31,4,1936,0,1,OL,1966,1967,73,1,12,8,0,3,4,0,0,0,0,0,85,1,15,Wellington Town,Port Vale,0
108,6,Williams,Jackie,01-Aug-29,1929-08-01,3,1929,0,1,OL,1946,1946,1,0,0,0,0,0,0,0,0,0,0,0,1,0,0,Local,NA,0
108,7,Williams,John,03-Oct-60,1960-10-03,4,1960,0,1,CH,1978,1984,167,6,12,12,0,1,13,1,0,2,0,0,194,7,13,Local,Port Vale,0
108,8,Williams,Keith,14-Jan-37,1937-01-14,1,1937,0,1,IF,1957,1960,161,0,88,9,0,8,3,0,1,0,0,0,173,0,97,Everton,Plymouth Argyle,0
108,9,Williams,Ray,30-Dec-30,1930-12-30,4,1930,0,1,WH,1951,1958,197,0,12,17,0,4,0,0,0,0,0,0,214,0,16,Local,Johannesburg,0
108,10,Williams,Tommy,01-Aug-29,1929-08-01,3,1929,0,1,WH,1946,1956,53,0,2,3,0,0,0,0,0,0,0,0,56,0,2,Local,Southport,0
108,11,Williamson,James,16-Jun-26,1926-06-16,2,1926,0,1,IF,1946,1946,4,0,3,0,0,0,0,0,0,0,0,0,4,0,3,Local,South Liverpool,0
108,12,Williamson,Stewie,07-Apr-26,1926-04-07,2,1926,0,1,OL,1945,1952,92,0,21,13,0,2,0,0,0,0,0,0,105,0,23,Harrogate,Swindon Town,0
108,13,Wilson,Bob,08-Sep-28,1928-09-08,3,1928,0,1,RB,1962,1963,54,0,0,5,0,0,3,0,0,0,0,0,62,0,0,Preston North End,New Brighton,0
108,14,Winn,Edward,NA,NA,NA,NA,0,1,CH,1921,1921,1,0,0,0,0,0,0,0,0,0,0,0,1,0,0,South Liverpool,NA,0
108,15,Woan,Don,07-Nov-27,1927-11-07,4,1927,0,1,F,1953,1954,27,0,2,0,0,0,0,0,0,0,0,0,27,0,2,Bradford City,Yeovil Town,0
108,16,Wood,Albert,25-Apr-03,1903-04-25,2,1903,0,1,IL,1936,1936,37,0,11,1,0,0,0,0,0,0,0,0,38,0,11,Crewe Alexandra,New Brighton,0
108,17,Wood,Archie,18-Mar-26,1926-03-18,1,1926,0,1,OL,1949,1949,31,0,5,2,0,1,0,0,0,0,0,0,33,0,6,Barhill,Witton Albion,0
108,18,Woodin,Steve,06-Jan-55,1955-01-06,1,1955,0,1,W,1974,1974,1,2,0,0,0,0,0,0,0,0,0,0,1,2,0,Local,New Zealand,0
108,19,Woods,Billy,24-Oct-73,1973-10-24,4,1973,0,1,W,1996,1996,1,0,0,0,0,0,0,0,0,0,0,0,1,0,0,Cork City,Cork City,0
108,20,Woods,Ray,07-Jun-65,1965-06-07,2,1965,0,1,MF,1982,1984,9,5,2,0,0,0,1,0,0,0,1,0,10,6,2,Local,Runcorn,0
108,21,Woodward,Billy,NA,NA,NA,NA,0,1,IL,1933,1935,102,0,38,8,0,6,0,0,0,0,0,0,110,0,44,Manchester United,Chesterfield,0
108,22,Worthington,Frank,23-Nov-48,1948-11-23,4,1948,0,1,CF,1985,1986,51,8,21,5,1,1,4,0,2,3,2,0,63,11,24,Brighton & Hove Albion,Preston North End,0
108,23,Yardley,George,08-Oct-42,1942-10-08,4,1942,0,1,CF,1966,1970,123,0,68,10,2,6,14,0,7,0,0,0,147,2,81,Luton Town,NA,0
108,24,Yates,Wilf,NA,NA,NA,1898,0,1,RB,1926,1928,92,0,0,5,0,0,0,0,0,0,0,0,97,0,0,Crewe Alexandra,Mansfield Town,0
108,25,Yeats,Ron,15-Nov-37,1937-11-15,4,1937,0,1,CH,1971,1973,96,1,5,8,0,1,5,0,0,0,0,0,109,1,6,Liverpool,Stalybridge Celtic,0
108,26,Young,Tommy,24-Dec-47,1947-12-24,4,1947,0,1,F,1972,1976,170,2,27,9,0,1,11,1,1,0,0,0,190,3,29,Falkirk,Rotherham United,0
